2026-07-15 14:15:14.322 [main] INFO  com.xcz.blog.MobiBlogApplicationTests - Starting MobiBlogApplicationTests using Java 21.0.7 with PID 12672 (started by 寂岑呜啊 in E:\Code\Project\blog\mobi-blog)
2026-07-15 14:15:14.323 [main] DEBUG com.xcz.blog.MobiBlogApplicationTests - Running with Spring Boot v3.2.0, Spring v6.1.1
2026-07-15 14:15:14.323 [main] INFO  com.xcz.blog.MobiBlogApplicationTests - No active profile set, falling back to 1 default profile: "default"
2026-07-15 14:15:14.342 [main] INFO  c.a.cloud.nacos.configdata.NacosConfigDataLoader - [Nacos Config] Load config[dataId=mobi-blog.yaml, group=MINI_APP] success
2026-07-15 14:15:14.932 [main] INFO  o.s.d.r.config.RepositoryConfigurationDelegate - Bootstrapping Spring Data MongoDB repositories in DEFAULT mode.
2026-07-15 14:15:15.040 [main] INFO  o.s.d.r.config.RepositoryConfigurationDelegate - Finished Spring Data repository scanning in 106 ms. Found 2 MongoDB repository interfaces.
2026-07-15 14:15:15.122 [main] WARN  org.mybatis.spring.mapper.ClassPathMapperScanner - Skipping MapperFactoryBean with name 'blogAdminLogMapper' and 'com.xcz.blog.mapper.BlogAdminLogMapper' mapperInterface. Bean already defined with the same name!
2026-07-15 14:15:15.122 [main] WARN  org.mybatis.spring.mapper.ClassPathMapperScanner - Skipping MapperFactoryBean with name 'blogFavoriteArticleMapper' and 'com.xcz.blog.mapper.BlogFavoriteArticleMapper' mapperInterface. Bean already defined with the same name!
2026-07-15 14:15:15.122 [main] WARN  org.mybatis.spring.mapper.ClassPathMapperScanner - Skipping MapperFactoryBean with name 'blogFavoriteMapper' and 'com.xcz.blog.mapper.BlogFavoriteMapper' mapperInterface. Bean already defined with the same name!
2026-07-15 14:15:15.122 [main] WARN  org.mybatis.spring.mapper.ClassPathMapperScanner - Skipping MapperFactoryBean with name 'blogUserMapper' and 'com.xcz.blog.mapper.BlogUserMapper' mapperInterface. Bean already defined with the same name!
2026-07-15 14:15:15.123 [main] WARN  org.mybatis.spring.mapper.ClassPathMapperScanner - No MyBatis mapper was found in '[com.xcz.**.mapper]' package. Please check your configuration.
2026-07-15 14:15:15.189 [main] INFO  o.springframework.cloud.context.scope.GenericScope - BeanFactory id=ddac6feb-60d4-3fb1-9ca4-e2b256429f05
2026-07-15 14:15:15.437 [main] WARN  o.s.c.s.PostProcessorRegistrationDelegate$BeanPostProcessorChecker - Bean 'org.springframework.cloud.commons.config.CommonsConfigAutoConfiguration' of type [org.springframework.cloud.commons.config.CommonsConfigAutoConfiguration] is not eligible for getting processed by all BeanPostProcessors (for example: not eligible for auto-proxying). Is this bean getting eagerly injected into a currently created BeanPostProcessor [projectingArgumentResolverBeanPostProcessor]? Check the corresponding BeanPostProcessor declaration and its dependencies.
2026-07-15 14:15:15.441 [main] WARN  o.s.c.s.PostProcessorRegistrationDelegate$BeanPostProcessorChecker - Bean 'org.springframework.cloud.client.loadbalancer.LoadBalancerDefaultMappingsProviderAutoConfiguration' of type [org.springframework.cloud.client.loadbalancer.LoadBalancerDefaultMappingsProviderAutoConfiguration] is not eligible for getting processed by all BeanPostProcessors (for example: not eligible for auto-proxying). Is this bean getting eagerly injected into a currently created BeanPostProcessor [projectingArgumentResolverBeanPostProcessor]? Check the corresponding BeanPostProcessor declaration and its dependencies.
2026-07-15 14:15:15.442 [main] WARN  o.s.c.s.PostProcessorRegistrationDelegate$BeanPostProcessorChecker - Bean 'loadBalancerClientsDefaultsMappingsProvider' of type [org.springframework.cloud.client.loadbalancer.LoadBalancerDefaultMappingsProviderAutoConfiguration$$Lambda/0x000001763b757328] is not eligible for getting processed by all BeanPostProcessors (for example: not eligible for auto-proxying). Is this bean getting eagerly injected into a currently created BeanPostProcessor [projectingArgumentResolverBeanPostProcessor]? Check the corresponding BeanPostProcessor declaration and its dependencies.
2026-07-15 14:15:15.444 [main] WARN  o.s.c.s.PostProcessorRegistrationDelegate$BeanPostProcessorChecker - Bean 'defaultsBindHandlerAdvisor' of type [org.springframework.cloud.commons.config.DefaultsBindHandlerAdvisor] is not eligible for getting processed by all BeanPostProcessors (for example: not eligible for auto-proxying). Is this bean getting eagerly injected into a currently created BeanPostProcessor [projectingArgumentResolverBeanPostProcessor]? Check the corresponding BeanPostProcessor declaration and its dependencies.
2026-07-15 14:15:15.921 [main] INFO  com.alibaba.druid.pool.DruidDataSource - {dataSource-1,master} inited
2026-07-15 14:15:15.922 [main] INFO  c.b.dynamic.datasource.DynamicRoutingDataSource - dynamic-datasource - add a datasource named [master] success
2026-07-15 14:15:15.923 [main] INFO  c.b.dynamic.datasource.DynamicRoutingDataSource - dynamic-datasource initial loaded [1] datasource,primary datasource named [master]
2026-07-15 14:15:16.303 [main] INFO  org.redisson.Version - Redisson 3.50.0
2026-07-15 14:15:16.393 [main] WARN  o.r.connection.SequentialDnsAddressResolverFactory - DNS TCP fallback on UDP query timeout disabled. Upgrade Netty to 4.1.105 or higher.
2026-07-15 14:15:16.440 [redisson-netty-1-6] INFO  org.redisson.connection.ConnectionsHolder - 1 connections initialized for 127.0.0.1/127.0.0.1:6379
2026-07-15 14:15:16.467 [redisson-netty-1-23] INFO  org.redisson.connection.ConnectionsHolder - 10 connections initialized for 127.0.0.1/127.0.0.1:6379
2026-07-15 14:15:16.591 [main] INFO  com.xcz.commons.core.utils.ip.IpUtils - IP地址库加载成功，大小: 10810 KB
2026-07-15 14:15:16.619 [main] INFO  org.redisson.Version - Redisson 3.50.0
2026-07-15 14:15:16.638 [main] WARN  o.r.connection.SequentialDnsAddressResolverFactory - DNS TCP fallback on UDP query timeout disabled. Upgrade Netty to 4.1.105 or higher.
2026-07-15 14:15:16.644 [redisson-netty-5-6] INFO  org.redisson.connection.ConnectionsHolder - 1 connections initialized for 127.0.0.1/127.0.0.1:6379
2026-07-15 14:15:16.668 [redisson-netty-5-23] INFO  org.redisson.connection.ConnectionsHolder - 10 connections initialized for 127.0.0.1/127.0.0.1:6379
2026-07-15 14:15:16.847 [main] INFO  c.xcz.commons.mongodb.support.MongoStartupLogger - [Commons MongoDB] Successfully initialized MongoClient for [mobi-blog], datasource: primary, database: mobi_blog, mode: standalone, hosts: 127.0.0.1:27017 (primary)
2026-07-15 14:15:16.847 [main] INFO  c.xcz.commons.mongodb.support.MongoStartupLogger - 
MM    MM                               DDDDD   BBBBB
MMM  MMM  oooo  nn nnn   gggggg  oooo  DD  DD  BB   B
MM MM MM oo  oo nnn  nn gg   gg oo  oo DD   DD BBBBBB
MM    MM oo  oo nn   nn ggggggg oo  oo DD   DD BB   BB
MM    MM  oooo  nn   nn      gg  oooo  DDDDDD  BBBBBB
                         ggggg

2026-07-15 14:15:16.893 [main] INFO  org.mongodb.driver.client - MongoClient with metadata {"application": {"name": "mobi-blog"}, "driver": {"name": "mongo-java-driver|sync", "version": "4.11.1"}, "os": {"type": "Windows", "name": "Windows 11", "architecture": "amd64", "version": "10.0"}, "platform": "Java/Oracle Corporation/21.0.7+8-LTS-245"} created with settings MongoClientSettings{readPreference=primary, writeConcern=WriteConcern{w=null, wTimeout=null ms, journal=null}, retryWrites=true, retryReads=true, readConcern=ReadConcern{level=null}, credential=MongoCredential{mechanism=null, userName='root', source='admin', password=<hidden>, mechanismProperties=<hidden>}, transportSettings=null, streamFactoryFactory=null, commandListeners=[], codecRegistry=ProvidersCodecRegistry{codecProviders=[ValueCodecProvider{}, BsonValueCodecProvider{}, DBRefCodecProvider{}, DBObjectCodecProvider{}, DocumentCodecProvider{}, CollectionCodecProvider{}, IterableCodecProvider{}, MapCodecProvider{}, GeoJsonCodecProvider{}, GridFSFileCodecProvider{}, Jsr310CodecProvider{}, JsonObjectCodecProvider{}, BsonCodecProvider{}, EnumCodecProvider{}, com.mongodb.client.model.mql.ExpressionCodecProvider@57421e4e, com.mongodb.Jep395RecordCodecProvider@5a75bad4, com.mongodb.KotlinCodecProvider@77227b1f]}, loggerSettings=LoggerSettings{maxDocumentLength=1000}, clusterSettings={hosts=[127.0.0.1:27017], srvServiceName=mongodb, mode=SINGLE, requiredClusterType=UNKNOWN, requiredReplicaSetName='null', serverSelector='null', clusterListeners='[]', serverSelectionTimeout='30000 ms', localThreshold='15 ms'}, socketSettings=SocketSettings{connectTimeoutMS=10000, readTimeoutMS=0, receiveBufferSize=0, proxySettings=ProxySettings{host=null, port=null, username=null, password=null}}, heartbeatSocketSettings=SocketSettings{connectTimeoutMS=10000, readTimeoutMS=10000, receiveBufferSize=0, proxySettings=ProxySettings{host=null, port=null, username=null, password=null}}, connectionPoolSettings=ConnectionPoolSettings{maxSize=50, minSize=5, maxWaitTimeMS=30000, maxConnectionLifeTimeMS=0, maxConnectionIdleTimeMS=60000, maintenanceInitialDelayMS=0, maintenanceFrequencyMS=60000, connectionPoolListeners=[], maxConnecting=2}, serverSettings=ServerSettings{heartbeatFrequencyMS=10000, minHeartbeatFrequencyMS=500, serverListeners='[]', serverMonitorListeners='[]'}, sslSettings=SslSettings{enabled=false, invalidHostNameAllowed=false, context=null}, applicationName='mobi-blog', compressorList=[], uuidRepresentation=UNSPECIFIED, serverApi=null, autoEncryptionSettings=null, dnsClient=null, inetAddressResolver=null, contextProvider=null}
2026-07-15 14:15:16.909 [cluster-ClusterId{value='6a57257479bebb5c245f2c9f', description='mobi-blog'}-127.0.0.1:27017] INFO  org.mongodb.driver.cluster - Monitor thread successfully connected to server with description ServerDescription{address=127.0.0.1:27017, type=STANDALONE, state=CONNECTED, ok=true, minWireVersion=0, maxWireVersion=28, maxDocumentSize=16777216, logicalSessionTimeoutMinutes=30, roundTripTimeNanos=19478700}
2026-07-15 14:15:17.742 [main] INFO  com.xcz.commons.core.config.DateFormatConfig - 统一设置时间格式，支持 ISO-8601 和 yyyy-MM-dd HH:mm:ss 格式
2026-07-15 14:15:18.095 [main] INFO  c.x.commons.security.support.ReleasePathCollector - Release 免认证路径: /blog/article/tags/hot -> ArticleController.listHotTags
2026-07-15 14:15:18.097 [main] INFO  c.x.commons.security.support.ReleasePathCollector - Release 免认证路径: /blog/auth/register -> BlogAuthController.register
2026-07-15 14:15:18.097 [main] INFO  c.x.commons.security.support.ReleasePathCollector - Release 免认证路径: /blog/comment/{parentId}/replies -> CommentController.listReplies
2026-07-15 14:15:18.097 [main] INFO  c.x.commons.security.support.ReleasePathCollector - Release 免认证路径: /blog/auth/send-code -> BlogAuthController.sendVerificationCode
2026-07-15 14:15:18.097 [main] INFO  c.x.commons.security.support.ReleasePathCollector - Release 免认证路径: /blog/article/detail/{articleId} -> ArticleController.getArticle
2026-07-15 14:15:18.097 [main] INFO  c.x.commons.security.support.ReleasePathCollector - Release 免认证路径: /blog/article/list -> ArticleController.listArticles
2026-07-15 14:15:18.097 [main] INFO  c.x.commons.security.support.ReleasePathCollector - Release 免认证路径: /blog/auth/login -> BlogAuthController.login
2026-07-15 14:15:18.098 [main] INFO  c.x.commons.security.support.ReleasePathCollector - Release 免认证路径: /blog/auth/reset-password -> BlogAuthController.resetPassword
2026-07-15 14:15:18.098 [main] INFO  c.x.commons.security.support.ReleasePathCollector - Release 免认证路径: /blog/auth/send-reset-code -> BlogAuthController.sendResetCode
2026-07-15 14:15:18.098 [main] INFO  c.x.commons.security.support.ReleasePathCollector - Release 免认证路径: /blog/article/tags -> ArticleController.listAllTags
2026-07-15 14:15:18.098 [main] INFO  c.x.commons.security.support.ReleasePathCollector - Release 免认证路径: /blog/comment/list -> CommentController.listComments
2026-07-15 14:15:18.144 [main] INFO  o.s.security.web.DefaultSecurityFilterChain - Will secure any request with [org.springframework.security.web.context.request.async.WebAsyncManagerIntegrationFilter@105f875f, org.springframework.security.web.context.SecurityContextHolderFilter@5db3afff, org.springframework.security.web.header.HeaderWriterFilter@83b0d9f, org.springframework.web.filter.CorsFilter@1babd50e, org.springframework.security.web.authentication.logout.LogoutFilter@71c16f67, com.xcz.commons.security.interceptor.HeaderAuthenticationFilter@7b51fc45, org.springframework.security.web.savedrequest.RequestCacheAwareFilter@75401424, org.springframework.security.web.servletapi.SecurityContextHolderAwareRequestFilter@571ecfe2, org.springframework.security.web.authentication.AnonymousAuthenticationFilter@48c63936, org.springframework.security.web.access.ExceptionTranslationFilter@7c4c091a, org.springframework.security.web.access.intercept.AuthorizationFilter@42b2319c]
2026-07-15 14:15:18.320 [main] INFO  com.xcz.blog.MobiBlogApplicationTests - Started MobiBlogApplicationTests in 4.981 seconds (process running for 5.676)
2026-07-15 14:15:18.339 [main] INFO  c.a.cloud.nacos.refresh.NacosContextRefresher - [Nacos Config] Listening config: dataId=mobi-blog.yaml, group=MINI_APP
2026-07-15 14:15:18.835 [Thread-8] WARN  com.alibaba.nacos.common.notify.NotifyCenter - [NotifyCenter] Start destroying Publisher
2026-07-15 14:15:18.835 [Thread-3] WARN  c.alibaba.nacos.common.http.HttpClientBeanHolder - [HttpClientBeanHolder] Start destroying common HttpClient
2026-07-15 14:15:18.835 [Thread-8] WARN  com.alibaba.nacos.common.notify.NotifyCenter - [NotifyCenter] Destruction of the end
2026-07-15 14:15:18.835 [Thread-3] WARN  c.alibaba.nacos.common.http.HttpClientBeanHolder - [HttpClientBeanHolder] Destruction of the end
2026-07-15 14:15:18.856 [SpringApplicationShutdownHook] INFO  c.b.dynamic.datasource.DynamicRoutingDataSource - dynamic-datasource start closing ....
2026-07-15 14:15:18.859 [SpringApplicationShutdownHook] INFO  com.alibaba.druid.pool.DruidDataSource - {dataSource-1} closing ...
2026-07-15 14:15:18.863 [SpringApplicationShutdownHook] INFO  com.alibaba.druid.pool.DruidDataSource - {dataSource-1} closed
2026-07-15 14:15:18.863 [SpringApplicationShutdownHook] INFO  c.b.d.d.destroyer.DefaultDataSourceDestroyer - dynamic-datasource close the datasource named [master] success,
2026-07-15 14:15:18.863 [SpringApplicationShutdownHook] INFO  c.b.dynamic.datasource.DynamicRoutingDataSource - dynamic-datasource all closed success,bye
2026-07-15 14:31:56.039 [main] INFO  com.xcz.blog.MobiBlogApplicationTests - Starting MobiBlogApplicationTests using Java 21.0.7 with PID 29860 (started by 寂岑呜啊 in E:\Code\Project\blog\mobi-blog)
2026-07-15 14:31:56.040 [main] DEBUG com.xcz.blog.MobiBlogApplicationTests - Running with Spring Boot v3.2.0, Spring v6.1.1
2026-07-15 14:31:56.041 [main] INFO  com.xcz.blog.MobiBlogApplicationTests - No active profile set, falling back to 1 default profile: "default"
2026-07-15 14:31:56.058 [main] INFO  c.a.cloud.nacos.configdata.NacosConfigDataLoader - [Nacos Config] Load config[dataId=mobi-blog.yaml, group=MINI_APP] success
2026-07-15 14:31:56.704 [main] INFO  o.s.d.r.config.RepositoryConfigurationDelegate - Bootstrapping Spring Data MongoDB repositories in DEFAULT mode.
2026-07-15 14:31:56.824 [main] INFO  o.s.d.r.config.RepositoryConfigurationDelegate - Finished Spring Data repository scanning in 116 ms. Found 2 MongoDB repository interfaces.
2026-07-15 14:31:56.894 [main] WARN  org.mybatis.spring.mapper.ClassPathMapperScanner - Skipping MapperFactoryBean with name 'blogAdminLogMapper' and 'com.xcz.blog.mapper.BlogAdminLogMapper' mapperInterface. Bean already defined with the same name!
2026-07-15 14:31:56.894 [main] WARN  org.mybatis.spring.mapper.ClassPathMapperScanner - Skipping MapperFactoryBean with name 'blogFavoriteArticleMapper' and 'com.xcz.blog.mapper.BlogFavoriteArticleMapper' mapperInterface. Bean already defined with the same name!
2026-07-15 14:31:56.894 [main] WARN  org.mybatis.spring.mapper.ClassPathMapperScanner - Skipping MapperFactoryBean with name 'blogFavoriteMapper' and 'com.xcz.blog.mapper.BlogFavoriteMapper' mapperInterface. Bean already defined with the same name!
2026-07-15 14:31:56.895 [main] WARN  org.mybatis.spring.mapper.ClassPathMapperScanner - Skipping MapperFactoryBean with name 'blogUserMapper' and 'com.xcz.blog.mapper.BlogUserMapper' mapperInterface. Bean already defined with the same name!
2026-07-15 14:31:56.896 [main] WARN  org.mybatis.spring.mapper.ClassPathMapperScanner - No MyBatis mapper was found in '[com.xcz.**.mapper]' package. Please check your configuration.
2026-07-15 14:31:56.970 [main] INFO  o.springframework.cloud.context.scope.GenericScope - BeanFactory id=1e6eb503-40d9-3f29-865f-e45bedd6aacd
2026-07-15 14:31:57.300 [main] WARN  o.s.c.s.PostProcessorRegistrationDelegate$BeanPostProcessorChecker - Bean 'org.springframework.cloud.commons.config.CommonsConfigAutoConfiguration' of type [org.springframework.cloud.commons.config.CommonsConfigAutoConfiguration] is not eligible for getting processed by all BeanPostProcessors (for example: not eligible for auto-proxying). Is this bean getting eagerly injected into a currently created BeanPostProcessor [projectingArgumentResolverBeanPostProcessor]? Check the corresponding BeanPostProcessor declaration and its dependencies.
2026-07-15 14:31:57.304 [main] WARN  o.s.c.s.PostProcessorRegistrationDelegate$BeanPostProcessorChecker - Bean 'org.springframework.cloud.client.loadbalancer.LoadBalancerDefaultMappingsProviderAutoConfiguration' of type [org.springframework.cloud.client.loadbalancer.LoadBalancerDefaultMappingsProviderAutoConfiguration] is not eligible for getting processed by all BeanPostProcessors (for example: not eligible for auto-proxying). Is this bean getting eagerly injected into a currently created BeanPostProcessor [projectingArgumentResolverBeanPostProcessor]? Check the corresponding BeanPostProcessor declaration and its dependencies.
2026-07-15 14:31:57.306 [main] WARN  o.s.c.s.PostProcessorRegistrationDelegate$BeanPostProcessorChecker - Bean 'loadBalancerClientsDefaultsMappingsProvider' of type [org.springframework.cloud.client.loadbalancer.LoadBalancerDefaultMappingsProviderAutoConfiguration$$Lambda/0x000002dd18755d40] is not eligible for getting processed by all BeanPostProcessors (for example: not eligible for auto-proxying). Is this bean getting eagerly injected into a currently created BeanPostProcessor [projectingArgumentResolverBeanPostProcessor]? Check the corresponding BeanPostProcessor declaration and its dependencies.
2026-07-15 14:31:57.307 [main] WARN  o.s.c.s.PostProcessorRegistrationDelegate$BeanPostProcessorChecker - Bean 'defaultsBindHandlerAdvisor' of type [org.springframework.cloud.commons.config.DefaultsBindHandlerAdvisor] is not eligible for getting processed by all BeanPostProcessors (for example: not eligible for auto-proxying). Is this bean getting eagerly injected into a currently created BeanPostProcessor [projectingArgumentResolverBeanPostProcessor]? Check the corresponding BeanPostProcessor declaration and its dependencies.
2026-07-15 14:31:57.745 [main] INFO  com.alibaba.druid.pool.DruidDataSource - {dataSource-1,master} inited
2026-07-15 14:31:57.746 [main] INFO  c.b.dynamic.datasource.DynamicRoutingDataSource - dynamic-datasource - add a datasource named [master] success
2026-07-15 14:31:57.746 [main] INFO  c.b.dynamic.datasource.DynamicRoutingDataSource - dynamic-datasource initial loaded [1] datasource,primary datasource named [master]
2026-07-15 14:31:58.130 [main] INFO  org.redisson.Version - Redisson 3.50.0
2026-07-15 14:31:58.219 [main] WARN  o.r.connection.SequentialDnsAddressResolverFactory - DNS TCP fallback on UDP query timeout disabled. Upgrade Netty to 4.1.105 or higher.
2026-07-15 14:31:58.267 [redisson-netty-1-6] INFO  org.redisson.connection.ConnectionsHolder - 1 connections initialized for 127.0.0.1/127.0.0.1:6379
2026-07-15 14:31:58.292 [redisson-netty-1-23] INFO  org.redisson.connection.ConnectionsHolder - 10 connections initialized for 127.0.0.1/127.0.0.1:6379
2026-07-15 14:31:58.422 [main] INFO  com.xcz.commons.core.utils.ip.IpUtils - IP地址库加载成功，大小: 10810 KB
2026-07-15 14:31:58.452 [main] INFO  org.redisson.Version - Redisson 3.50.0
2026-07-15 14:31:58.470 [main] WARN  o.r.connection.SequentialDnsAddressResolverFactory - DNS TCP fallback on UDP query timeout disabled. Upgrade Netty to 4.1.105 or higher.
2026-07-15 14:31:58.477 [redisson-netty-5-6] INFO  org.redisson.connection.ConnectionsHolder - 1 connections initialized for 127.0.0.1/127.0.0.1:6379
2026-07-15 14:31:58.501 [redisson-netty-5-23] INFO  org.redisson.connection.ConnectionsHolder - 10 connections initialized for 127.0.0.1/127.0.0.1:6379
2026-07-15 14:31:58.768 [main] INFO  org.mongodb.driver.client - MongoClient with metadata {"driver": {"name": "mongo-java-driver|sync|spring-boot", "version": "4.11.1"}, "os": {"type": "Windows", "name": "Windows 11", "architecture": "amd64", "version": "10.0"}, "platform": "Java/Oracle Corporation/21.0.7+8-LTS-245"} created with settings MongoClientSettings{readPreference=primary, writeConcern=WriteConcern{w=null, wTimeout=null ms, journal=null}, retryWrites=true, retryReads=true, readConcern=ReadConcern{level=null}, credential=null, transportSettings=null, streamFactoryFactory=null, commandListeners=[], codecRegistry=ProvidersCodecRegistry{codecProviders=[ValueCodecProvider{}, BsonValueCodecProvider{}, DBRefCodecProvider{}, DBObjectCodecProvider{}, DocumentCodecProvider{}, CollectionCodecProvider{}, IterableCodecProvider{}, MapCodecProvider{}, GeoJsonCodecProvider{}, GridFSFileCodecProvider{}, Jsr310CodecProvider{}, JsonObjectCodecProvider{}, BsonCodecProvider{}, EnumCodecProvider{}, com.mongodb.client.model.mql.ExpressionCodecProvider@1b6982e4, com.mongodb.Jep395RecordCodecProvider@316987c4, com.mongodb.KotlinCodecProvider@32eca9f4]}, loggerSettings=LoggerSettings{maxDocumentLength=1000}, clusterSettings={hosts=[localhost:27017], srvServiceName=mongodb, mode=SINGLE, requiredClusterType=UNKNOWN, requiredReplicaSetName='null', serverSelector='null', clusterListeners='[]', serverSelectionTimeout='30000 ms', localThreshold='15 ms'}, socketSettings=SocketSettings{connectTimeoutMS=10000, readTimeoutMS=0, receiveBufferSize=0, proxySettings=ProxySettings{host=null, port=null, username=null, password=null}}, heartbeatSocketSettings=SocketSettings{connectTimeoutMS=10000, readTimeoutMS=10000, receiveBufferSize=0, proxySettings=ProxySettings{host=null, port=null, username=null, password=null}}, connectionPoolSettings=ConnectionPoolSettings{maxSize=100, minSize=0, maxWaitTimeMS=120000, maxConnectionLifeTimeMS=0, maxConnectionIdleTimeMS=0, maintenanceInitialDelayMS=0, maintenanceFrequencyMS=60000, connectionPoolListeners=[], maxConnecting=2}, serverSettings=ServerSettings{heartbeatFrequencyMS=10000, minHeartbeatFrequencyMS=500, serverListeners='[]', serverMonitorListeners='[]'}, sslSettings=SslSettings{enabled=false, invalidHostNameAllowed=false, context=null}, applicationName='null', compressorList=[], uuidRepresentation=JAVA_LEGACY, serverApi=null, autoEncryptionSettings=null, dnsClient=null, inetAddressResolver=null, contextProvider=null}
2026-07-15 14:31:58.788 [cluster-ClusterId{value='6a57295ef5f43e294cd27999', description='null'}-localhost:27017] INFO  org.mongodb.driver.cluster - Monitor thread successfully connected to server with description ServerDescription{address=localhost:27017, type=STANDALONE, state=CONNECTED, ok=true, minWireVersion=0, maxWireVersion=28, maxDocumentSize=16777216, logicalSessionTimeoutMinutes=30, roundTripTimeNanos=21376800}
2026-07-15 14:31:59.603 [main] INFO  com.xcz.commons.core.config.DateFormatConfig - 统一设置时间格式，支持 ISO-8601 和 yyyy-MM-dd HH:mm:ss 格式
2026-07-15 14:31:59.979 [main] INFO  c.x.commons.security.support.ReleasePathCollector - Release 免认证路径: /blog/article/detail/{articleId} -> ArticleController.getArticle
2026-07-15 14:31:59.979 [main] INFO  c.x.commons.security.support.ReleasePathCollector - Release 免认证路径: /blog/article/list -> ArticleController.listArticles
2026-07-15 14:31:59.979 [main] INFO  c.x.commons.security.support.ReleasePathCollector - Release 免认证路径: /blog/article/tags -> ArticleController.listAllTags
2026-07-15 14:31:59.979 [main] INFO  c.x.commons.security.support.ReleasePathCollector - Release 免认证路径: /blog/auth/register -> BlogAuthController.register
2026-07-15 14:31:59.979 [main] INFO  c.x.commons.security.support.ReleasePathCollector - Release 免认证路径: /blog/comment/list -> CommentController.listComments
2026-07-15 14:31:59.979 [main] INFO  c.x.commons.security.support.ReleasePathCollector - Release 免认证路径: /blog/auth/send-code -> BlogAuthController.sendVerificationCode
2026-07-15 14:31:59.980 [main] INFO  c.x.commons.security.support.ReleasePathCollector - Release 免认证路径: /blog/auth/login -> BlogAuthController.login
2026-07-15 14:31:59.980 [main] INFO  c.x.commons.security.support.ReleasePathCollector - Release 免认证路径: /blog/auth/reset-password -> BlogAuthController.resetPassword
2026-07-15 14:31:59.980 [main] INFO  c.x.commons.security.support.ReleasePathCollector - Release 免认证路径: /blog/article/tags/hot -> ArticleController.listHotTags
2026-07-15 14:31:59.980 [main] INFO  c.x.commons.security.support.ReleasePathCollector - Release 免认证路径: /blog/auth/send-reset-code -> BlogAuthController.sendResetCode
2026-07-15 14:31:59.980 [main] INFO  c.x.commons.security.support.ReleasePathCollector - Release 免认证路径: /blog/comment/{parentId}/replies -> CommentController.listReplies
2026-07-15 14:32:00.036 [main] INFO  o.s.security.web.DefaultSecurityFilterChain - Will secure any request with [org.springframework.security.web.context.request.async.WebAsyncManagerIntegrationFilter@2b454886, org.springframework.security.web.context.SecurityContextHolderFilter@64e41da0, org.springframework.security.web.header.HeaderWriterFilter@370bd951, org.springframework.web.filter.CorsFilter@349a8977, org.springframework.security.web.authentication.logout.LogoutFilter@6022cf7e, com.xcz.commons.security.interceptor.HeaderAuthenticationFilter@bc007f5, org.springframework.security.web.savedrequest.RequestCacheAwareFilter@7fa1c05f, org.springframework.security.web.servletapi.SecurityContextHolderAwareRequestFilter@6465f4a, org.springframework.security.web.authentication.AnonymousAuthenticationFilter@4b33b5b0, org.springframework.security.web.access.ExceptionTranslationFilter@427b24c0, org.springframework.security.web.access.intercept.AuthorizationFilter@6233bca8]
2026-07-15 14:32:00.175 [main] INFO  com.xcz.blog.MobiBlogApplicationTests - Started MobiBlogApplicationTests in 5.052 seconds (process running for 5.738)
2026-07-15 14:32:00.192 [main] INFO  c.a.cloud.nacos.refresh.NacosContextRefresher - [Nacos Config] Listening config: dataId=mobi-blog.yaml, group=MINI_APP
2026-07-15 14:32:00.636 [Thread-3] WARN  c.alibaba.nacos.common.http.HttpClientBeanHolder - [HttpClientBeanHolder] Start destroying common HttpClient
2026-07-15 14:32:00.636 [Thread-8] WARN  com.alibaba.nacos.common.notify.NotifyCenter - [NotifyCenter] Start destroying Publisher
2026-07-15 14:32:00.637 [Thread-8] WARN  com.alibaba.nacos.common.notify.NotifyCenter - [NotifyCenter] Destruction of the end
2026-07-15 14:32:00.638 [Thread-3] WARN  c.alibaba.nacos.common.http.HttpClientBeanHolder - [HttpClientBeanHolder] Destruction of the end
2026-07-15 14:32:00.657 [SpringApplicationShutdownHook] INFO  c.b.dynamic.datasource.DynamicRoutingDataSource - dynamic-datasource start closing ....
2026-07-15 14:32:00.659 [SpringApplicationShutdownHook] INFO  com.alibaba.druid.pool.DruidDataSource - {dataSource-1} closing ...
2026-07-15 14:32:00.662 [SpringApplicationShutdownHook] INFO  com.alibaba.druid.pool.DruidDataSource - {dataSource-1} closed
2026-07-15 14:32:00.662 [SpringApplicationShutdownHook] INFO  c.b.d.d.destroyer.DefaultDataSourceDestroyer - dynamic-datasource close the datasource named [master] success,
2026-07-15 14:32:00.662 [SpringApplicationShutdownHook] INFO  c.b.dynamic.datasource.DynamicRoutingDataSource - dynamic-datasource all closed success,bye
2026-07-15 14:32:41.221 [main] INFO  com.xcz.blog.MobiBlogApplicationTests - Starting MobiBlogApplicationTests using Java 21.0.7 with PID 31624 (started by 寂岑呜啊 in E:\Code\Project\blog\mobi-blog)
2026-07-15 14:32:41.222 [main] DEBUG com.xcz.blog.MobiBlogApplicationTests - Running with Spring Boot v3.2.0, Spring v6.1.1
2026-07-15 14:32:41.222 [main] INFO  com.xcz.blog.MobiBlogApplicationTests - No active profile set, falling back to 1 default profile: "default"
2026-07-15 14:32:41.238 [main] INFO  c.a.cloud.nacos.configdata.NacosConfigDataLoader - [Nacos Config] Load config[dataId=mobi-blog.yaml, group=MINI_APP] success
2026-07-15 14:32:41.857 [main] INFO  o.s.d.r.config.RepositoryConfigurationDelegate - Bootstrapping Spring Data MongoDB repositories in DEFAULT mode.
2026-07-15 14:32:41.977 [main] INFO  o.s.d.r.config.RepositoryConfigurationDelegate - Finished Spring Data repository scanning in 117 ms. Found 2 MongoDB repository interfaces.
2026-07-15 14:32:42.069 [main] WARN  org.mybatis.spring.mapper.ClassPathMapperScanner - Skipping MapperFactoryBean with name 'blogAdminLogMapper' and 'com.xcz.blog.mapper.BlogAdminLogMapper' mapperInterface. Bean already defined with the same name!
2026-07-15 14:32:42.070 [main] WARN  org.mybatis.spring.mapper.ClassPathMapperScanner - Skipping MapperFactoryBean with name 'blogFavoriteArticleMapper' and 'com.xcz.blog.mapper.BlogFavoriteArticleMapper' mapperInterface. Bean already defined with the same name!
2026-07-15 14:32:42.070 [main] WARN  org.mybatis.spring.mapper.ClassPathMapperScanner - Skipping MapperFactoryBean with name 'blogFavoriteMapper' and 'com.xcz.blog.mapper.BlogFavoriteMapper' mapperInterface. Bean already defined with the same name!
2026-07-15 14:32:42.071 [main] WARN  org.mybatis.spring.mapper.ClassPathMapperScanner - Skipping MapperFactoryBean with name 'blogUserMapper' and 'com.xcz.blog.mapper.BlogUserMapper' mapperInterface. Bean already defined with the same name!
2026-07-15 14:32:42.071 [main] WARN  org.mybatis.spring.mapper.ClassPathMapperScanner - No MyBatis mapper was found in '[com.xcz.**.mapper]' package. Please check your configuration.
2026-07-15 14:32:42.137 [main] INFO  o.springframework.cloud.context.scope.GenericScope - BeanFactory id=1e6eb503-40d9-3f29-865f-e45bedd6aacd
2026-07-15 14:32:42.357 [main] WARN  o.s.c.s.PostProcessorRegistrationDelegate$BeanPostProcessorChecker - Bean 'org.springframework.cloud.commons.config.CommonsConfigAutoConfiguration' of type [org.springframework.cloud.commons.config.CommonsConfigAutoConfiguration] is not eligible for getting processed by all BeanPostProcessors (for example: not eligible for auto-proxying). Is this bean getting eagerly injected into a currently created BeanPostProcessor [projectingArgumentResolverBeanPostProcessor]? Check the corresponding BeanPostProcessor declaration and its dependencies.
2026-07-15 14:32:42.360 [main] WARN  o.s.c.s.PostProcessorRegistrationDelegate$BeanPostProcessorChecker - Bean 'org.springframework.cloud.client.loadbalancer.LoadBalancerDefaultMappingsProviderAutoConfiguration' of type [org.springframework.cloud.client.loadbalancer.LoadBalancerDefaultMappingsProviderAutoConfiguration] is not eligible for getting processed by all BeanPostProcessors (for example: not eligible for auto-proxying). Is this bean getting eagerly injected into a currently created BeanPostProcessor [projectingArgumentResolverBeanPostProcessor]? Check the corresponding BeanPostProcessor declaration and its dependencies.
2026-07-15 14:32:42.361 [main] WARN  o.s.c.s.PostProcessorRegistrationDelegate$BeanPostProcessorChecker - Bean 'loadBalancerClientsDefaultsMappingsProvider' of type [org.springframework.cloud.client.loadbalancer.LoadBalancerDefaultMappingsProviderAutoConfiguration$$Lambda/0x00000176d17569e8] is not eligible for getting processed by all BeanPostProcessors (for example: not eligible for auto-proxying). Is this bean getting eagerly injected into a currently created BeanPostProcessor [projectingArgumentResolverBeanPostProcessor]? Check the corresponding BeanPostProcessor declaration and its dependencies.
2026-07-15 14:32:42.362 [main] WARN  o.s.c.s.PostProcessorRegistrationDelegate$BeanPostProcessorChecker - Bean 'defaultsBindHandlerAdvisor' of type [org.springframework.cloud.commons.config.DefaultsBindHandlerAdvisor] is not eligible for getting processed by all BeanPostProcessors (for example: not eligible for auto-proxying). Is this bean getting eagerly injected into a currently created BeanPostProcessor [projectingArgumentResolverBeanPostProcessor]? Check the corresponding BeanPostProcessor declaration and its dependencies.
2026-07-15 14:32:42.801 [main] INFO  com.alibaba.druid.pool.DruidDataSource - {dataSource-1,master} inited
2026-07-15 14:32:42.802 [main] INFO  c.b.dynamic.datasource.DynamicRoutingDataSource - dynamic-datasource - add a datasource named [master] success
2026-07-15 14:32:42.802 [main] INFO  c.b.dynamic.datasource.DynamicRoutingDataSource - dynamic-datasource initial loaded [1] datasource,primary datasource named [master]
2026-07-15 14:32:43.213 [main] INFO  org.redisson.Version - Redisson 3.50.0
2026-07-15 14:32:43.321 [main] WARN  o.r.connection.SequentialDnsAddressResolverFactory - DNS TCP fallback on UDP query timeout disabled. Upgrade Netty to 4.1.105 or higher.
2026-07-15 14:32:43.372 [redisson-netty-1-6] INFO  org.redisson.connection.ConnectionsHolder - 1 connections initialized for 127.0.0.1/127.0.0.1:6379
2026-07-15 14:32:43.395 [redisson-netty-1-23] INFO  org.redisson.connection.ConnectionsHolder - 10 connections initialized for 127.0.0.1/127.0.0.1:6379
2026-07-15 14:32:43.508 [main] INFO  com.xcz.commons.core.utils.ip.IpUtils - IP地址库加载成功，大小: 10810 KB
2026-07-15 14:32:43.533 [main] INFO  org.redisson.Version - Redisson 3.50.0
2026-07-15 14:32:43.550 [main] WARN  o.r.connection.SequentialDnsAddressResolverFactory - DNS TCP fallback on UDP query timeout disabled. Upgrade Netty to 4.1.105 or higher.
2026-07-15 14:32:43.559 [redisson-netty-5-6] INFO  org.redisson.connection.ConnectionsHolder - 1 connections initialized for 127.0.0.1/127.0.0.1:6379
2026-07-15 14:32:43.582 [redisson-netty-5-23] INFO  org.redisson.connection.ConnectionsHolder - 10 connections initialized for 127.0.0.1/127.0.0.1:6379
2026-07-15 14:32:43.838 [main] INFO  org.mongodb.driver.client - MongoClient with metadata {"driver": {"name": "mongo-java-driver|sync|spring-boot", "version": "4.11.1"}, "os": {"type": "Windows", "name": "Windows 11", "architecture": "amd64", "version": "10.0"}, "platform": "Java/Oracle Corporation/21.0.7+8-LTS-245"} created with settings MongoClientSettings{readPreference=primary, writeConcern=WriteConcern{w=null, wTimeout=null ms, journal=null}, retryWrites=true, retryReads=true, readConcern=ReadConcern{level=null}, credential=null, transportSettings=null, streamFactoryFactory=null, commandListeners=[], codecRegistry=ProvidersCodecRegistry{codecProviders=[ValueCodecProvider{}, BsonValueCodecProvider{}, DBRefCodecProvider{}, DBObjectCodecProvider{}, DocumentCodecProvider{}, CollectionCodecProvider{}, IterableCodecProvider{}, MapCodecProvider{}, GeoJsonCodecProvider{}, GridFSFileCodecProvider{}, Jsr310CodecProvider{}, JsonObjectCodecProvider{}, BsonCodecProvider{}, EnumCodecProvider{}, com.mongodb.client.model.mql.ExpressionCodecProvider@32eca9f4, com.mongodb.Jep395RecordCodecProvider@49c3487f, com.mongodb.KotlinCodecProvider@1e6a8d01]}, loggerSettings=LoggerSettings{maxDocumentLength=1000}, clusterSettings={hosts=[localhost:27017], srvServiceName=mongodb, mode=SINGLE, requiredClusterType=UNKNOWN, requiredReplicaSetName='null', serverSelector='null', clusterListeners='[]', serverSelectionTimeout='30000 ms', localThreshold='15 ms'}, socketSettings=SocketSettings{connectTimeoutMS=10000, readTimeoutMS=0, receiveBufferSize=0, proxySettings=ProxySettings{host=null, port=null, username=null, password=null}}, heartbeatSocketSettings=SocketSettings{connectTimeoutMS=10000, readTimeoutMS=10000, receiveBufferSize=0, proxySettings=ProxySettings{host=null, port=null, username=null, password=null}}, connectionPoolSettings=ConnectionPoolSettings{maxSize=100, minSize=0, maxWaitTimeMS=120000, maxConnectionLifeTimeMS=0, maxConnectionIdleTimeMS=0, maintenanceInitialDelayMS=0, maintenanceFrequencyMS=60000, connectionPoolListeners=[], maxConnecting=2}, serverSettings=ServerSettings{heartbeatFrequencyMS=10000, minHeartbeatFrequencyMS=500, serverListeners='[]', serverMonitorListeners='[]'}, sslSettings=SslSettings{enabled=false, invalidHostNameAllowed=false, context=null}, applicationName='null', compressorList=[], uuidRepresentation=JAVA_LEGACY, serverApi=null, autoEncryptionSettings=null, dnsClient=null, inetAddressResolver=null, contextProvider=null}
2026-07-15 14:32:43.855 [cluster-ClusterId{value='6a57298b81d7b475e6789161', description='null'}-localhost:27017] INFO  org.mongodb.driver.cluster - Monitor thread successfully connected to server with description ServerDescription{address=localhost:27017, type=STANDALONE, state=CONNECTED, ok=true, minWireVersion=0, maxWireVersion=28, maxDocumentSize=16777216, logicalSessionTimeoutMinutes=30, roundTripTimeNanos=20082500}
2026-07-15 14:32:44.681 [main] INFO  com.xcz.commons.core.config.DateFormatConfig - 统一设置时间格式，支持 ISO-8601 和 yyyy-MM-dd HH:mm:ss 格式
2026-07-15 14:32:45.036 [main] INFO  c.x.commons.security.support.ReleasePathCollector - Release 免认证路径: /blog/comment/list -> CommentController.listComments
2026-07-15 14:32:45.037 [main] INFO  c.x.commons.security.support.ReleasePathCollector - Release 免认证路径: /blog/article/tags/hot -> ArticleController.listHotTags
2026-07-15 14:32:45.037 [main] INFO  c.x.commons.security.support.ReleasePathCollector - Release 免认证路径: /blog/auth/register -> BlogAuthController.register
2026-07-15 14:32:45.037 [main] INFO  c.x.commons.security.support.ReleasePathCollector - Release 免认证路径: /blog/auth/send-code -> BlogAuthController.sendVerificationCode
2026-07-15 14:32:45.038 [main] INFO  c.x.commons.security.support.ReleasePathCollector - Release 免认证路径: /blog/comment/{parentId}/replies -> CommentController.listReplies
2026-07-15 14:32:45.038 [main] INFO  c.x.commons.security.support.ReleasePathCollector - Release 免认证路径: /blog/auth/login -> BlogAuthController.login
2026-07-15 14:32:45.038 [main] INFO  c.x.commons.security.support.ReleasePathCollector - Release 免认证路径: /blog/auth/reset-password -> BlogAuthController.resetPassword
2026-07-15 14:32:45.038 [main] INFO  c.x.commons.security.support.ReleasePathCollector - Release 免认证路径: /blog/auth/send-reset-code -> BlogAuthController.sendResetCode
2026-07-15 14:32:45.039 [main] INFO  c.x.commons.security.support.ReleasePathCollector - Release 免认证路径: /blog/article/detail/{articleId} -> ArticleController.getArticle
2026-07-15 14:32:45.039 [main] INFO  c.x.commons.security.support.ReleasePathCollector - Release 免认证路径: /blog/article/list -> ArticleController.listArticles
2026-07-15 14:32:45.039 [main] INFO  c.x.commons.security.support.ReleasePathCollector - Release 免认证路径: /blog/article/tags -> ArticleController.listAllTags
2026-07-15 14:32:45.100 [main] INFO  o.s.security.web.DefaultSecurityFilterChain - Will secure any request with [org.springframework.security.web.context.request.async.WebAsyncManagerIntegrationFilter@349a8977, org.springframework.security.web.context.SecurityContextHolderFilter@24f1d4f3, org.springframework.security.web.header.HeaderWriterFilter@2c4da654, org.springframework.web.filter.CorsFilter@4b33b5b0, org.springframework.security.web.authentication.logout.LogoutFilter@5d05bb29, com.xcz.commons.security.interceptor.HeaderAuthenticationFilter@105f875f, org.springframework.security.web.savedrequest.RequestCacheAwareFilter@6465f4a, org.springframework.security.web.servletapi.SecurityContextHolderAwareRequestFilter@428b5b3f, org.springframework.security.web.authentication.AnonymousAuthenticationFilter@ed37f28, org.springframework.security.web.access.ExceptionTranslationFilter@6705b98b, org.springframework.security.web.access.intercept.AuthorizationFilter@6895b608]
2026-07-15 14:32:45.234 [main] INFO  com.xcz.blog.MobiBlogApplicationTests - Started MobiBlogApplicationTests in 5.028 seconds (process running for 5.651)
2026-07-15 14:32:45.245 [main] INFO  c.a.cloud.nacos.refresh.NacosContextRefresher - [Nacos Config] Listening config: dataId=mobi-blog.yaml, group=MINI_APP
2026-07-15 14:32:45.661 [Thread-3] WARN  c.alibaba.nacos.common.http.HttpClientBeanHolder - [HttpClientBeanHolder] Start destroying common HttpClient
2026-07-15 14:32:45.661 [Thread-8] WARN  com.alibaba.nacos.common.notify.NotifyCenter - [NotifyCenter] Start destroying Publisher
2026-07-15 14:32:45.661 [Thread-8] WARN  com.alibaba.nacos.common.notify.NotifyCenter - [NotifyCenter] Destruction of the end
2026-07-15 14:32:45.661 [Thread-3] WARN  c.alibaba.nacos.common.http.HttpClientBeanHolder - [HttpClientBeanHolder] Destruction of the end
2026-07-15 14:32:45.679 [SpringApplicationShutdownHook] INFO  c.b.dynamic.datasource.DynamicRoutingDataSource - dynamic-datasource start closing ....
2026-07-15 14:32:45.680 [SpringApplicationShutdownHook] INFO  com.alibaba.druid.pool.DruidDataSource - {dataSource-1} closing ...
2026-07-15 14:32:45.684 [SpringApplicationShutdownHook] INFO  com.alibaba.druid.pool.DruidDataSource - {dataSource-1} closed
2026-07-15 14:32:45.684 [SpringApplicationShutdownHook] INFO  c.b.d.d.destroyer.DefaultDataSourceDestroyer - dynamic-datasource close the datasource named [master] success,
2026-07-15 14:32:45.684 [SpringApplicationShutdownHook] INFO  c.b.dynamic.datasource.DynamicRoutingDataSource - dynamic-datasource all closed success,bye
2026-07-15 14:36:07.785 [main] INFO  com.xcz.blog.MobiBlogApplicationTests - Starting MobiBlogApplicationTests using Java 21.0.7 with PID 36232 (started by 寂岑呜啊 in E:\Code\Project\blog\mobi-blog)
2026-07-15 14:36:07.786 [main] DEBUG com.xcz.blog.MobiBlogApplicationTests - Running with Spring Boot v3.2.0, Spring v6.1.1
2026-07-15 14:36:07.786 [main] INFO  com.xcz.blog.MobiBlogApplicationTests - No active profile set, falling back to 1 default profile: "default"
2026-07-15 14:36:07.803 [main] INFO  c.a.cloud.nacos.configdata.NacosConfigDataLoader - [Nacos Config] Load config[dataId=mobi-blog.yaml, group=MINI_APP] success
2026-07-15 14:36:08.403 [main] INFO  o.s.d.r.config.RepositoryConfigurationDelegate - Bootstrapping Spring Data MongoDB repositories in DEFAULT mode.
2026-07-15 14:36:08.507 [main] INFO  o.s.d.r.config.RepositoryConfigurationDelegate - Finished Spring Data repository scanning in 101 ms. Found 2 MongoDB repository interfaces.
2026-07-15 14:36:08.665 [main] INFO  o.springframework.cloud.context.scope.GenericScope - BeanFactory id=8b1964bf-61d4-39c3-89cc-31301ff49ebb
2026-07-15 14:36:08.868 [main] WARN  o.s.c.s.PostProcessorRegistrationDelegate$BeanPostProcessorChecker - Bean 'org.springframework.cloud.commons.config.CommonsConfigAutoConfiguration' of type [org.springframework.cloud.commons.config.CommonsConfigAutoConfiguration] is not eligible for getting processed by all BeanPostProcessors (for example: not eligible for auto-proxying). Is this bean getting eagerly injected into a currently created BeanPostProcessor [projectingArgumentResolverBeanPostProcessor]? Check the corresponding BeanPostProcessor declaration and its dependencies.
2026-07-15 14:36:08.870 [main] WARN  o.s.c.s.PostProcessorRegistrationDelegate$BeanPostProcessorChecker - Bean 'org.springframework.cloud.client.loadbalancer.LoadBalancerDefaultMappingsProviderAutoConfiguration' of type [org.springframework.cloud.client.loadbalancer.LoadBalancerDefaultMappingsProviderAutoConfiguration] is not eligible for getting processed by all BeanPostProcessors (for example: not eligible for auto-proxying). Is this bean getting eagerly injected into a currently created BeanPostProcessor [projectingArgumentResolverBeanPostProcessor]? Check the corresponding BeanPostProcessor declaration and its dependencies.
2026-07-15 14:36:08.872 [main] WARN  o.s.c.s.PostProcessorRegistrationDelegate$BeanPostProcessorChecker - Bean 'loadBalancerClientsDefaultsMappingsProvider' of type [org.springframework.cloud.client.loadbalancer.LoadBalancerDefaultMappingsProviderAutoConfiguration$$Lambda/0x00000239037507e0] is not eligible for getting processed by all BeanPostProcessors (for example: not eligible for auto-proxying). Is this bean getting eagerly injected into a currently created BeanPostProcessor [projectingArgumentResolverBeanPostProcessor]? Check the corresponding BeanPostProcessor declaration and its dependencies.
2026-07-15 14:36:08.874 [main] WARN  o.s.c.s.PostProcessorRegistrationDelegate$BeanPostProcessorChecker - Bean 'defaultsBindHandlerAdvisor' of type [org.springframework.cloud.commons.config.DefaultsBindHandlerAdvisor] is not eligible for getting processed by all BeanPostProcessors (for example: not eligible for auto-proxying). Is this bean getting eagerly injected into a currently created BeanPostProcessor [projectingArgumentResolverBeanPostProcessor]? Check the corresponding BeanPostProcessor declaration and its dependencies.
2026-07-15 14:36:09.333 [main] INFO  com.alibaba.druid.pool.DruidDataSource - {dataSource-1,master} inited
2026-07-15 14:36:09.334 [main] INFO  c.b.dynamic.datasource.DynamicRoutingDataSource - dynamic-datasource - add a datasource named [master] success
2026-07-15 14:36:09.335 [main] INFO  c.b.dynamic.datasource.DynamicRoutingDataSource - dynamic-datasource initial loaded [1] datasource,primary datasource named [master]
2026-07-15 14:36:09.682 [main] INFO  org.redisson.Version - Redisson 3.50.0
2026-07-15 14:36:09.767 [main] WARN  o.r.connection.SequentialDnsAddressResolverFactory - DNS TCP fallback on UDP query timeout disabled. Upgrade Netty to 4.1.105 or higher.
2026-07-15 14:36:09.815 [redisson-netty-1-6] INFO  org.redisson.connection.ConnectionsHolder - 1 connections initialized for 127.0.0.1/127.0.0.1:6379
2026-07-15 14:36:09.838 [redisson-netty-1-23] INFO  org.redisson.connection.ConnectionsHolder - 10 connections initialized for 127.0.0.1/127.0.0.1:6379
2026-07-15 14:36:09.957 [main] INFO  com.xcz.commons.core.utils.ip.IpUtils - IP地址库加载成功，大小: 10810 KB
2026-07-15 14:36:09.987 [main] INFO  org.redisson.Version - Redisson 3.50.0
2026-07-15 14:36:10.005 [main] WARN  o.r.connection.SequentialDnsAddressResolverFactory - DNS TCP fallback on UDP query timeout disabled. Upgrade Netty to 4.1.105 or higher.
2026-07-15 14:36:10.011 [redisson-netty-5-6] INFO  org.redisson.connection.ConnectionsHolder - 1 connections initialized for 127.0.0.1/127.0.0.1:6379
2026-07-15 14:36:10.035 [redisson-netty-5-23] INFO  org.redisson.connection.ConnectionsHolder - 10 connections initialized for 127.0.0.1/127.0.0.1:6379
2026-07-15 14:36:10.213 [main] INFO  c.xcz.commons.mongodb.support.MongoStartupLogger - [Commons MongoDB] Successfully initialized MongoClient for [mobi-blog], datasource: primary, database: mobi_blog, mode: standalone, hosts: 127.0.0.1:27017 (primary)
2026-07-15 14:36:10.214 [main] INFO  c.xcz.commons.mongodb.support.MongoStartupLogger - 
MM    MM                               DDDDD   BBBBB
MMM  MMM  oooo  nn nnn   gggggg  oooo  DD  DD  BB   B
MM MM MM oo  oo nnn  nn gg   gg oo  oo DD   DD BBBBBB
MM    MM oo  oo nn   nn ggggggg oo  oo DD   DD BB   BB
MM    MM  oooo  nn   nn      gg  oooo  DDDDDD  BBBBBB
                         ggggg

2026-07-15 14:36:10.258 [main] INFO  org.mongodb.driver.client - MongoClient with metadata {"application": {"name": "mobi-blog"}, "driver": {"name": "mongo-java-driver|sync", "version": "4.11.1"}, "os": {"type": "Windows", "name": "Windows 11", "architecture": "amd64", "version": "10.0"}, "platform": "Java/Oracle Corporation/21.0.7+8-LTS-245"} created with settings MongoClientSettings{readPreference=primary, writeConcern=WriteConcern{w=null, wTimeout=null ms, journal=null}, retryWrites=true, retryReads=true, readConcern=ReadConcern{level=null}, credential=MongoCredential{mechanism=null, userName='root', source='admin', password=<hidden>, mechanismProperties=<hidden>}, transportSettings=null, streamFactoryFactory=null, commandListeners=[], codecRegistry=ProvidersCodecRegistry{codecProviders=[ValueCodecProvider{}, BsonValueCodecProvider{}, DBRefCodecProvider{}, DBObjectCodecProvider{}, DocumentCodecProvider{}, CollectionCodecProvider{}, IterableCodecProvider{}, MapCodecProvider{}, GeoJsonCodecProvider{}, GridFSFileCodecProvider{}, Jsr310CodecProvider{}, JsonObjectCodecProvider{}, BsonCodecProvider{}, EnumCodecProvider{}, com.mongodb.client.model.mql.ExpressionCodecProvider@269a37bc, com.mongodb.Jep395RecordCodecProvider@106e816c, com.mongodb.KotlinCodecProvider@53d3ae89]}, loggerSettings=LoggerSettings{maxDocumentLength=1000}, clusterSettings={hosts=[127.0.0.1:27017], srvServiceName=mongodb, mode=SINGLE, requiredClusterType=UNKNOWN, requiredReplicaSetName='null', serverSelector='null', clusterListeners='[]', serverSelectionTimeout='30000 ms', localThreshold='15 ms'}, socketSettings=SocketSettings{connectTimeoutMS=10000, readTimeoutMS=0, receiveBufferSize=0, proxySettings=ProxySettings{host=null, port=null, username=null, password=null}}, heartbeatSocketSettings=SocketSettings{connectTimeoutMS=10000, readTimeoutMS=10000, receiveBufferSize=0, proxySettings=ProxySettings{host=null, port=null, username=null, password=null}}, connectionPoolSettings=ConnectionPoolSettings{maxSize=50, minSize=5, maxWaitTimeMS=30000, maxConnectionLifeTimeMS=0, maxConnectionIdleTimeMS=60000, maintenanceInitialDelayMS=0, maintenanceFrequencyMS=60000, connectionPoolListeners=[], maxConnecting=2}, serverSettings=ServerSettings{heartbeatFrequencyMS=10000, minHeartbeatFrequencyMS=500, serverListeners='[]', serverMonitorListeners='[]'}, sslSettings=SslSettings{enabled=false, invalidHostNameAllowed=false, context=null}, applicationName='mobi-blog', compressorList=[], uuidRepresentation=UNSPECIFIED, serverApi=null, autoEncryptionSettings=null, dnsClient=null, inetAddressResolver=null, contextProvider=null}
2026-07-15 14:36:10.272 [cluster-ClusterId{value='6a572a5a68ae76153da86693', description='mobi-blog'}-127.0.0.1:27017] INFO  org.mongodb.driver.cluster - Monitor thread successfully connected to server with description ServerDescription{address=127.0.0.1:27017, type=STANDALONE, state=CONNECTED, ok=true, minWireVersion=0, maxWireVersion=28, maxDocumentSize=16777216, logicalSessionTimeoutMinutes=30, roundTripTimeNanos=16508400}
2026-07-15 14:36:11.216 [main] INFO  com.xcz.commons.core.config.DateFormatConfig - 统一设置时间格式，支持 ISO-8601 和 yyyy-MM-dd HH:mm:ss 格式
2026-07-15 14:36:11.704 [main] INFO  c.x.commons.security.support.ReleasePathCollector - Release 免认证路径: /blog/article/tags -> ArticleController.listAllTags
2026-07-15 14:36:11.704 [main] INFO  c.x.commons.security.support.ReleasePathCollector - Release 免认证路径: /blog/auth/register -> BlogAuthController.register
2026-07-15 14:36:11.705 [main] INFO  c.x.commons.security.support.ReleasePathCollector - Release 免认证路径: /blog/article/list -> ArticleController.listArticles
2026-07-15 14:36:11.705 [main] INFO  c.x.commons.security.support.ReleasePathCollector - Release 免认证路径: /blog/comment/{parentId}/replies -> CommentController.listReplies
2026-07-15 14:36:11.705 [main] INFO  c.x.commons.security.support.ReleasePathCollector - Release 免认证路径: /blog/article/detail/{articleId} -> ArticleController.getArticle
2026-07-15 14:36:11.705 [main] INFO  c.x.commons.security.support.ReleasePathCollector - Release 免认证路径: /blog/auth/send-reset-code -> BlogAuthController.sendResetCode
2026-07-15 14:36:11.705 [main] INFO  c.x.commons.security.support.ReleasePathCollector - Release 免认证路径: /blog/auth/login -> BlogAuthController.login
2026-07-15 14:36:11.705 [main] INFO  c.x.commons.security.support.ReleasePathCollector - Release 免认证路径: /blog/article/tags/hot -> ArticleController.listHotTags
2026-07-15 14:36:11.705 [main] INFO  c.x.commons.security.support.ReleasePathCollector - Release 免认证路径: /blog/auth/send-code -> BlogAuthController.sendVerificationCode
2026-07-15 14:36:11.705 [main] INFO  c.x.commons.security.support.ReleasePathCollector - Release 免认证路径: /blog/auth/reset-password -> BlogAuthController.resetPassword
2026-07-15 14:36:11.705 [main] INFO  c.x.commons.security.support.ReleasePathCollector - Release 免认证路径: /blog/comment/list -> CommentController.listComments
2026-07-15 14:36:11.760 [main] INFO  o.s.security.web.DefaultSecurityFilterChain - Will secure any request with [org.springframework.security.web.context.request.async.WebAsyncManagerIntegrationFilter@25e60726, org.springframework.security.web.context.SecurityContextHolderFilter@1f3b8bfe, org.springframework.security.web.header.HeaderWriterFilter@49ffd0cb, org.springframework.web.filter.CorsFilter@75401424, org.springframework.security.web.authentication.logout.LogoutFilter@57f2a68c, com.xcz.commons.security.interceptor.HeaderAuthenticationFilter@78494a59, org.springframework.security.web.savedrequest.RequestCacheAwareFilter@7de1cc9f, org.springframework.security.web.servletapi.SecurityContextHolderAwareRequestFilter@61b83fef, org.springframework.security.web.authentication.AnonymousAuthenticationFilter@571ecfe2, org.springframework.security.web.access.ExceptionTranslationFilter@7db4c883, org.springframework.security.web.access.intercept.AuthorizationFilter@36f291c7]
2026-07-15 14:36:11.964 [main] INFO  com.xcz.blog.MobiBlogApplicationTests - Started MobiBlogApplicationTests in 5.061 seconds (process running for 5.556)
2026-07-15 14:36:11.981 [main] INFO  c.a.cloud.nacos.refresh.NacosContextRefresher - [Nacos Config] Listening config: dataId=mobi-blog.yaml, group=MINI_APP
2026-07-15 14:36:12.454 [Thread-8] WARN  com.alibaba.nacos.common.notify.NotifyCenter - [NotifyCenter] Start destroying Publisher
2026-07-15 14:36:12.454 [Thread-3] WARN  c.alibaba.nacos.common.http.HttpClientBeanHolder - [HttpClientBeanHolder] Start destroying common HttpClient
2026-07-15 14:36:12.455 [Thread-8] WARN  com.alibaba.nacos.common.notify.NotifyCenter - [NotifyCenter] Destruction of the end
2026-07-15 14:36:12.455 [Thread-3] WARN  c.alibaba.nacos.common.http.HttpClientBeanHolder - [HttpClientBeanHolder] Destruction of the end
2026-07-15 14:36:12.475 [SpringApplicationShutdownHook] INFO  c.b.dynamic.datasource.DynamicRoutingDataSource - dynamic-datasource start closing ....
2026-07-15 14:36:12.478 [SpringApplicationShutdownHook] INFO  com.alibaba.druid.pool.DruidDataSource - {dataSource-1} closing ...
2026-07-15 14:36:12.483 [SpringApplicationShutdownHook] INFO  com.alibaba.druid.pool.DruidDataSource - {dataSource-1} closed
2026-07-15 14:36:12.483 [SpringApplicationShutdownHook] INFO  c.b.d.d.destroyer.DefaultDataSourceDestroyer - dynamic-datasource close the datasource named [master] success,
2026-07-15 14:36:12.483 [SpringApplicationShutdownHook] INFO  c.b.dynamic.datasource.DynamicRoutingDataSource - dynamic-datasource all closed success,bye
2026-07-15 14:36:50.456 [main] INFO  com.xcz.blog.MobiBlogApplicationTests - Starting MobiBlogApplicationTests using Java 21.0.7 with PID 34040 (started by 寂岑呜啊 in E:\Code\Project\blog\mobi-blog)
2026-07-15 14:36:50.457 [main] DEBUG com.xcz.blog.MobiBlogApplicationTests - Running with Spring Boot v3.2.0, Spring v6.1.1
2026-07-15 14:36:50.458 [main] INFO  com.xcz.blog.MobiBlogApplicationTests - No active profile set, falling back to 1 default profile: "default"
2026-07-15 14:36:50.475 [main] INFO  c.a.cloud.nacos.configdata.NacosConfigDataLoader - [Nacos Config] Load config[dataId=mobi-blog.yaml, group=MINI_APP] success
2026-07-15 14:36:51.369 [main] INFO  o.s.d.r.config.RepositoryConfigurationDelegate - Bootstrapping Spring Data MongoDB repositories in DEFAULT mode.
2026-07-15 14:36:51.465 [main] INFO  o.s.d.r.config.RepositoryConfigurationDelegate - Finished Spring Data repository scanning in 94 ms. Found 2 MongoDB repository interfaces.
2026-07-15 14:36:51.625 [main] INFO  o.springframework.cloud.context.scope.GenericScope - BeanFactory id=8b1964bf-61d4-39c3-89cc-31301ff49ebb
2026-07-15 14:36:51.824 [main] WARN  o.s.c.s.PostProcessorRegistrationDelegate$BeanPostProcessorChecker - Bean 'org.springframework.cloud.commons.config.CommonsConfigAutoConfiguration' of type [org.springframework.cloud.commons.config.CommonsConfigAutoConfiguration] is not eligible for getting processed by all BeanPostProcessors (for example: not eligible for auto-proxying). Is this bean getting eagerly injected into a currently created BeanPostProcessor [projectingArgumentResolverBeanPostProcessor]? Check the corresponding BeanPostProcessor declaration and its dependencies.
2026-07-15 14:36:51.827 [main] WARN  o.s.c.s.PostProcessorRegistrationDelegate$BeanPostProcessorChecker - Bean 'org.springframework.cloud.client.loadbalancer.LoadBalancerDefaultMappingsProviderAutoConfiguration' of type [org.springframework.cloud.client.loadbalancer.LoadBalancerDefaultMappingsProviderAutoConfiguration] is not eligible for getting processed by all BeanPostProcessors (for example: not eligible for auto-proxying). Is this bean getting eagerly injected into a currently created BeanPostProcessor [projectingArgumentResolverBeanPostProcessor]? Check the corresponding BeanPostProcessor declaration and its dependencies.
2026-07-15 14:36:51.828 [main] WARN  o.s.c.s.PostProcessorRegistrationDelegate$BeanPostProcessorChecker - Bean 'loadBalancerClientsDefaultsMappingsProvider' of type [org.springframework.cloud.client.loadbalancer.LoadBalancerDefaultMappingsProviderAutoConfiguration$$Lambda/0x000002e547750580] is not eligible for getting processed by all BeanPostProcessors (for example: not eligible for auto-proxying). Is this bean getting eagerly injected into a currently created BeanPostProcessor [projectingArgumentResolverBeanPostProcessor]? Check the corresponding BeanPostProcessor declaration and its dependencies.
2026-07-15 14:36:51.829 [main] WARN  o.s.c.s.PostProcessorRegistrationDelegate$BeanPostProcessorChecker - Bean 'defaultsBindHandlerAdvisor' of type [org.springframework.cloud.commons.config.DefaultsBindHandlerAdvisor] is not eligible for getting processed by all BeanPostProcessors (for example: not eligible for auto-proxying). Is this bean getting eagerly injected into a currently created BeanPostProcessor [projectingArgumentResolverBeanPostProcessor]? Check the corresponding BeanPostProcessor declaration and its dependencies.
2026-07-15 14:36:52.263 [main] INFO  com.alibaba.druid.pool.DruidDataSource - {dataSource-1,master} inited
2026-07-15 14:36:52.264 [main] INFO  c.b.dynamic.datasource.DynamicRoutingDataSource - dynamic-datasource - add a datasource named [master] success
2026-07-15 14:36:52.265 [main] INFO  c.b.dynamic.datasource.DynamicRoutingDataSource - dynamic-datasource initial loaded [1] datasource,primary datasource named [master]
2026-07-15 14:36:52.698 [main] INFO  org.redisson.Version - Redisson 3.50.0
2026-07-15 14:36:52.783 [main] WARN  o.r.connection.SequentialDnsAddressResolverFactory - DNS TCP fallback on UDP query timeout disabled. Upgrade Netty to 4.1.105 or higher.
2026-07-15 14:36:52.832 [redisson-netty-1-6] INFO  org.redisson.connection.ConnectionsHolder - 1 connections initialized for 127.0.0.1/127.0.0.1:6379
2026-07-15 14:36:52.855 [redisson-netty-1-23] INFO  org.redisson.connection.ConnectionsHolder - 10 connections initialized for 127.0.0.1/127.0.0.1:6379
2026-07-15 14:36:52.971 [main] INFO  com.xcz.commons.core.utils.ip.IpUtils - IP地址库加载成功，大小: 10810 KB
2026-07-15 14:36:52.998 [main] INFO  org.redisson.Version - Redisson 3.50.0
2026-07-15 14:36:53.017 [main] WARN  o.r.connection.SequentialDnsAddressResolverFactory - DNS TCP fallback on UDP query timeout disabled. Upgrade Netty to 4.1.105 or higher.
2026-07-15 14:36:53.023 [redisson-netty-5-6] INFO  org.redisson.connection.ConnectionsHolder - 1 connections initialized for 127.0.0.1/127.0.0.1:6379
2026-07-15 14:36:53.045 [redisson-netty-5-23] INFO  org.redisson.connection.ConnectionsHolder - 10 connections initialized for 127.0.0.1/127.0.0.1:6379
2026-07-15 14:36:53.254 [main] INFO  c.xcz.commons.mongodb.support.MongoStartupLogger - [Commons MongoDB] Successfully initialized MongoClient for [mobi-blog], datasource: primary, database: mobi_blog, mode: standalone, hosts: 127.0.0.1:27017 (primary)
2026-07-15 14:36:53.254 [main] INFO  c.xcz.commons.mongodb.support.MongoStartupLogger - 
MM    MM                               DDDDD   BBBBB
MMM  MMM  oooo  nn nnn   gggggg  oooo  DD  DD  BB   B
MM MM MM oo  oo nnn  nn gg   gg oo  oo DD   DD BBBBBB
MM    MM oo  oo nn   nn ggggggg oo  oo DD   DD BB   BB
MM    MM  oooo  nn   nn      gg  oooo  DDDDDD  BBBBBB
                         ggggg

2026-07-15 14:36:53.308 [main] INFO  org.mongodb.driver.client - MongoClient with metadata {"application": {"name": "mobi-blog"}, "driver": {"name": "mongo-java-driver|sync", "version": "4.11.1"}, "os": {"type": "Windows", "name": "Windows 11", "architecture": "amd64", "version": "10.0"}, "platform": "Java/Oracle Corporation/21.0.7+8-LTS-245"} created with settings MongoClientSettings{readPreference=primary, writeConcern=WriteConcern{w=null, wTimeout=null ms, journal=null}, retryWrites=true, retryReads=true, readConcern=ReadConcern{level=null}, credential=MongoCredential{mechanism=null, userName='root', source='admin', password=<hidden>, mechanismProperties=<hidden>}, transportSettings=null, streamFactoryFactory=null, commandListeners=[], codecRegistry=ProvidersCodecRegistry{codecProviders=[ValueCodecProvider{}, BsonValueCodecProvider{}, DBRefCodecProvider{}, DBObjectCodecProvider{}, DocumentCodecProvider{}, CollectionCodecProvider{}, IterableCodecProvider{}, MapCodecProvider{}, GeoJsonCodecProvider{}, GridFSFileCodecProvider{}, Jsr310CodecProvider{}, JsonObjectCodecProvider{}, BsonCodecProvider{}, EnumCodecProvider{}, com.mongodb.client.model.mql.ExpressionCodecProvider@8829ecd, com.mongodb.Jep395RecordCodecProvider@1985f8e3, com.mongodb.KotlinCodecProvider@7ba70b3b]}, loggerSettings=LoggerSettings{maxDocumentLength=1000}, clusterSettings={hosts=[127.0.0.1:27017], srvServiceName=mongodb, mode=SINGLE, requiredClusterType=UNKNOWN, requiredReplicaSetName='null', serverSelector='null', clusterListeners='[]', serverSelectionTimeout='30000 ms', localThreshold='15 ms'}, socketSettings=SocketSettings{connectTimeoutMS=10000, readTimeoutMS=0, receiveBufferSize=0, proxySettings=ProxySettings{host=null, port=null, username=null, password=null}}, heartbeatSocketSettings=SocketSettings{connectTimeoutMS=10000, readTimeoutMS=10000, receiveBufferSize=0, proxySettings=ProxySettings{host=null, port=null, username=null, password=null}}, connectionPoolSettings=ConnectionPoolSettings{maxSize=50, minSize=5, maxWaitTimeMS=30000, maxConnectionLifeTimeMS=0, maxConnectionIdleTimeMS=60000, maintenanceInitialDelayMS=0, maintenanceFrequencyMS=60000, connectionPoolListeners=[], maxConnecting=2}, serverSettings=ServerSettings{heartbeatFrequencyMS=10000, minHeartbeatFrequencyMS=500, serverListeners='[]', serverMonitorListeners='[]'}, sslSettings=SslSettings{enabled=false, invalidHostNameAllowed=false, context=null}, applicationName='mobi-blog', compressorList=[], uuidRepresentation=UNSPECIFIED, serverApi=null, autoEncryptionSettings=null, dnsClient=null, inetAddressResolver=null, contextProvider=null}
2026-07-15 14:36:53.320 [cluster-ClusterId{value='6a572a85eff2921aec53f641', description='mobi-blog'}-127.0.0.1:27017] INFO  org.mongodb.driver.cluster - Monitor thread successfully connected to server with description ServerDescription{address=127.0.0.1:27017, type=STANDALONE, state=CONNECTED, ok=true, minWireVersion=0, maxWireVersion=28, maxDocumentSize=16777216, logicalSessionTimeoutMinutes=30, roundTripTimeNanos=15258200}
2026-07-15 14:36:54.175 [main] INFO  com.xcz.commons.core.config.DateFormatConfig - 统一设置时间格式，支持 ISO-8601 和 yyyy-MM-dd HH:mm:ss 格式
2026-07-15 14:36:54.552 [main] INFO  c.x.commons.security.support.ReleasePathCollector - Release 免认证路径: /blog/article/detail/{articleId} -> ArticleController.getArticle
2026-07-15 14:36:54.553 [main] INFO  c.x.commons.security.support.ReleasePathCollector - Release 免认证路径: /blog/comment/{parentId}/replies -> CommentController.listReplies
2026-07-15 14:36:54.553 [main] INFO  c.x.commons.security.support.ReleasePathCollector - Release 免认证路径: /blog/article/list -> ArticleController.listArticles
2026-07-15 14:36:54.554 [main] INFO  c.x.commons.security.support.ReleasePathCollector - Release 免认证路径: /blog/auth/register -> BlogAuthController.register
2026-07-15 14:36:54.554 [main] INFO  c.x.commons.security.support.ReleasePathCollector - Release 免认证路径: /blog/article/tags -> ArticleController.listAllTags
2026-07-15 14:36:54.554 [main] INFO  c.x.commons.security.support.ReleasePathCollector - Release 免认证路径: /blog/auth/send-code -> BlogAuthController.sendVerificationCode
2026-07-15 14:36:54.554 [main] INFO  c.x.commons.security.support.ReleasePathCollector - Release 免认证路径: /blog/comment/list -> CommentController.listComments
2026-07-15 14:36:54.554 [main] INFO  c.x.commons.security.support.ReleasePathCollector - Release 免认证路径: /blog/auth/login -> BlogAuthController.login
2026-07-15 14:36:54.554 [main] INFO  c.x.commons.security.support.ReleasePathCollector - Release 免认证路径: /blog/auth/reset-password -> BlogAuthController.resetPassword
2026-07-15 14:36:54.554 [main] INFO  c.x.commons.security.support.ReleasePathCollector - Release 免认证路径: /blog/auth/send-reset-code -> BlogAuthController.sendResetCode
2026-07-15 14:36:54.554 [main] INFO  c.x.commons.security.support.ReleasePathCollector - Release 免认证路径: /blog/article/tags/hot -> ArticleController.listHotTags
2026-07-15 14:36:54.626 [main] INFO  o.s.security.web.DefaultSecurityFilterChain - Will secure any request with [org.springframework.security.web.context.request.async.WebAsyncManagerIntegrationFilter@568cc1c5, org.springframework.security.web.context.SecurityContextHolderFilter@111c9be, org.springframework.security.web.header.HeaderWriterFilter@5fa73f3a, org.springframework.web.filter.CorsFilter@536e3aab, org.springframework.security.web.authentication.logout.LogoutFilter@14a3d15b, com.xcz.commons.security.interceptor.HeaderAuthenticationFilter@3a8dd899, org.springframework.security.web.savedrequest.RequestCacheAwareFilter@7a506493, org.springframework.security.web.servletapi.SecurityContextHolderAwareRequestFilter@334c80be, org.springframework.security.web.authentication.AnonymousAuthenticationFilter@14d3bee8, org.springframework.security.web.access.ExceptionTranslationFilter@1881ef74, org.springframework.security.web.access.intercept.AuthorizationFilter@2d8a45a]
2026-07-15 14:36:54.803 [main] INFO  com.xcz.blog.MobiBlogApplicationTests - Started MobiBlogApplicationTests in 5.221 seconds (process running for 5.772)
2026-07-15 14:36:54.820 [main] INFO  c.a.cloud.nacos.refresh.NacosContextRefresher - [Nacos Config] Listening config: dataId=mobi-blog.yaml, group=MINI_APP
2026-07-15 14:36:55.266 [Thread-3] WARN  c.alibaba.nacos.common.http.HttpClientBeanHolder - [HttpClientBeanHolder] Start destroying common HttpClient
2026-07-15 14:36:55.266 [Thread-8] WARN  com.alibaba.nacos.common.notify.NotifyCenter - [NotifyCenter] Start destroying Publisher
2026-07-15 14:36:55.266 [Thread-8] WARN  com.alibaba.nacos.common.notify.NotifyCenter - [NotifyCenter] Destruction of the end
2026-07-15 14:36:55.266 [Thread-3] WARN  c.alibaba.nacos.common.http.HttpClientBeanHolder - [HttpClientBeanHolder] Destruction of the end
2026-07-15 14:36:55.288 [SpringApplicationShutdownHook] INFO  c.b.dynamic.datasource.DynamicRoutingDataSource - dynamic-datasource start closing ....
2026-07-15 14:36:55.289 [SpringApplicationShutdownHook] INFO  com.alibaba.druid.pool.DruidDataSource - {dataSource-1} closing ...
2026-07-15 14:36:55.293 [SpringApplicationShutdownHook] INFO  com.alibaba.druid.pool.DruidDataSource - {dataSource-1} closed
2026-07-15 14:36:55.293 [SpringApplicationShutdownHook] INFO  c.b.d.d.destroyer.DefaultDataSourceDestroyer - dynamic-datasource close the datasource named [master] success,
2026-07-15 14:36:55.293 [SpringApplicationShutdownHook] INFO  c.b.dynamic.datasource.DynamicRoutingDataSource - dynamic-datasource all closed success,bye
2026-07-15 14:50:35.931 [main] INFO  com.xcz.blog.MobiBlogApplicationTests - Starting MobiBlogApplicationTests using Java 21.0.7 with PID 27664 (started by 寂岑呜啊 in E:\Code\Project\blog\mobi-blog)
2026-07-15 14:50:35.932 [main] DEBUG com.xcz.blog.MobiBlogApplicationTests - Running with Spring Boot v3.2.0, Spring v6.1.1
2026-07-15 14:50:35.933 [main] INFO  com.xcz.blog.MobiBlogApplicationTests - No active profile set, falling back to 1 default profile: "default"
2026-07-15 14:50:35.952 [main] INFO  c.a.cloud.nacos.configdata.NacosConfigDataLoader - [Nacos Config] Load config[dataId=mobi-blog.yaml, group=MINI_APP] success
2026-07-15 14:50:36.617 [main] INFO  o.s.d.r.config.RepositoryConfigurationDelegate - Bootstrapping Spring Data MongoDB repositories in DEFAULT mode.
2026-07-15 14:50:36.793 [main] INFO  o.s.d.r.config.RepositoryConfigurationDelegate - Finished Spring Data repository scanning in 171 ms. Found 2 MongoDB repository interfaces.
2026-07-15 14:50:36.944 [main] INFO  o.springframework.cloud.context.scope.GenericScope - BeanFactory id=8b1964bf-61d4-39c3-89cc-31301ff49ebb
2026-07-15 14:50:37.215 [main] WARN  o.s.c.s.PostProcessorRegistrationDelegate$BeanPostProcessorChecker - Bean 'org.springframework.cloud.commons.config.CommonsConfigAutoConfiguration' of type [org.springframework.cloud.commons.config.CommonsConfigAutoConfiguration] is not eligible for getting processed by all BeanPostProcessors (for example: not eligible for auto-proxying). Is this bean getting eagerly injected into a currently created BeanPostProcessor [projectingArgumentResolverBeanPostProcessor]? Check the corresponding BeanPostProcessor declaration and its dependencies.
2026-07-15 14:50:37.218 [main] WARN  o.s.c.s.PostProcessorRegistrationDelegate$BeanPostProcessorChecker - Bean 'org.springframework.cloud.client.loadbalancer.LoadBalancerDefaultMappingsProviderAutoConfiguration' of type [org.springframework.cloud.client.loadbalancer.LoadBalancerDefaultMappingsProviderAutoConfiguration] is not eligible for getting processed by all BeanPostProcessors (for example: not eligible for auto-proxying). Is this bean getting eagerly injected into a currently created BeanPostProcessor [projectingArgumentResolverBeanPostProcessor]? Check the corresponding BeanPostProcessor declaration and its dependencies.
2026-07-15 14:50:37.220 [main] WARN  o.s.c.s.PostProcessorRegistrationDelegate$BeanPostProcessorChecker - Bean 'loadBalancerClientsDefaultsMappingsProvider' of type [org.springframework.cloud.client.loadbalancer.LoadBalancerDefaultMappingsProviderAutoConfiguration$$Lambda/0x0000024201750580] is not eligible for getting processed by all BeanPostProcessors (for example: not eligible for auto-proxying). Is this bean getting eagerly injected into a currently created BeanPostProcessor [projectingArgumentResolverBeanPostProcessor]? Check the corresponding BeanPostProcessor declaration and its dependencies.
2026-07-15 14:50:37.221 [main] WARN  o.s.c.s.PostProcessorRegistrationDelegate$BeanPostProcessorChecker - Bean 'defaultsBindHandlerAdvisor' of type [org.springframework.cloud.commons.config.DefaultsBindHandlerAdvisor] is not eligible for getting processed by all BeanPostProcessors (for example: not eligible for auto-proxying). Is this bean getting eagerly injected into a currently created BeanPostProcessor [projectingArgumentResolverBeanPostProcessor]? Check the corresponding BeanPostProcessor declaration and its dependencies.
2026-07-15 14:50:37.736 [main] INFO  com.alibaba.druid.pool.DruidDataSource - {dataSource-1,master} inited
2026-07-15 14:50:37.736 [main] INFO  c.b.dynamic.datasource.DynamicRoutingDataSource - dynamic-datasource - add a datasource named [master] success
2026-07-15 14:50:37.737 [main] INFO  c.b.dynamic.datasource.DynamicRoutingDataSource - dynamic-datasource initial loaded [1] datasource,primary datasource named [master]
2026-07-15 14:50:38.134 [main] INFO  org.redisson.Version - Redisson 3.50.0
2026-07-15 14:50:38.228 [main] WARN  o.r.connection.SequentialDnsAddressResolverFactory - DNS TCP fallback on UDP query timeout disabled. Upgrade Netty to 4.1.105 or higher.
2026-07-15 14:50:38.283 [redisson-netty-1-6] INFO  org.redisson.connection.ConnectionsHolder - 1 connections initialized for 127.0.0.1/127.0.0.1:6379
2026-07-15 14:50:38.309 [redisson-netty-1-23] INFO  org.redisson.connection.ConnectionsHolder - 10 connections initialized for 127.0.0.1/127.0.0.1:6379
2026-07-15 14:50:38.437 [main] INFO  com.xcz.commons.core.utils.ip.IpUtils - IP地址库加载成功，大小: 10810 KB
2026-07-15 14:50:38.472 [main] INFO  org.redisson.Version - Redisson 3.50.0
2026-07-15 14:50:38.494 [main] WARN  o.r.connection.SequentialDnsAddressResolverFactory - DNS TCP fallback on UDP query timeout disabled. Upgrade Netty to 4.1.105 or higher.
2026-07-15 14:50:38.502 [redisson-netty-5-6] INFO  org.redisson.connection.ConnectionsHolder - 1 connections initialized for 127.0.0.1/127.0.0.1:6379
2026-07-15 14:50:38.529 [redisson-netty-5-23] INFO  org.redisson.connection.ConnectionsHolder - 10 connections initialized for 127.0.0.1/127.0.0.1:6379
2026-07-15 14:50:38.733 [main] INFO  c.xcz.commons.mongodb.support.MongoStartupLogger - [Commons MongoDB] Successfully initialized MongoClient for [mobi-blog], datasource: primary, database: mobi_blog, mode: standalone, hosts: 127.0.0.1:27017 (primary)
2026-07-15 14:50:38.733 [main] INFO  c.xcz.commons.mongodb.support.MongoStartupLogger - 
MM    MM                               DDDDD   BBBBB
MMM  MMM  oooo  nn nnn   gggggg  oooo  DD  DD  BB   B
MM MM MM oo  oo nnn  nn gg   gg oo  oo DD   DD BBBBBB
MM    MM oo  oo nn   nn ggggggg oo  oo DD   DD BB   BB
MM    MM  oooo  nn   nn      gg  oooo  DDDDDD  BBBBBB
                         ggggg

2026-07-15 14:50:38.788 [main] INFO  org.mongodb.driver.client - MongoClient with metadata {"application": {"name": "mobi-blog"}, "driver": {"name": "mongo-java-driver|sync", "version": "4.11.1"}, "os": {"type": "Windows", "name": "Windows 11", "architecture": "amd64", "version": "10.0"}, "platform": "Java/Oracle Corporation/21.0.7+8-LTS-245"} created with settings MongoClientSettings{readPreference=primary, writeConcern=WriteConcern{w=null, wTimeout=null ms, journal=null}, retryWrites=true, retryReads=true, readConcern=ReadConcern{level=null}, credential=MongoCredential{mechanism=null, userName='root', source='admin', password=<hidden>, mechanismProperties=<hidden>}, transportSettings=null, streamFactoryFactory=null, commandListeners=[], codecRegistry=ProvidersCodecRegistry{codecProviders=[ValueCodecProvider{}, BsonValueCodecProvider{}, DBRefCodecProvider{}, DBObjectCodecProvider{}, DocumentCodecProvider{}, CollectionCodecProvider{}, IterableCodecProvider{}, MapCodecProvider{}, GeoJsonCodecProvider{}, GridFSFileCodecProvider{}, Jsr310CodecProvider{}, JsonObjectCodecProvider{}, BsonCodecProvider{}, EnumCodecProvider{}, com.mongodb.client.model.mql.ExpressionCodecProvider@1a56cb99, com.mongodb.Jep395RecordCodecProvider@1014c825, com.mongodb.KotlinCodecProvider@5acc6ca1]}, loggerSettings=LoggerSettings{maxDocumentLength=1000}, clusterSettings={hosts=[127.0.0.1:27017], srvServiceName=mongodb, mode=SINGLE, requiredClusterType=UNKNOWN, requiredReplicaSetName='null', serverSelector='null', clusterListeners='[]', serverSelectionTimeout='30000 ms', localThreshold='15 ms'}, socketSettings=SocketSettings{connectTimeoutMS=10000, readTimeoutMS=0, receiveBufferSize=0, proxySettings=ProxySettings{host=null, port=null, username=null, password=null}}, heartbeatSocketSettings=SocketSettings{connectTimeoutMS=10000, readTimeoutMS=10000, receiveBufferSize=0, proxySettings=ProxySettings{host=null, port=null, username=null, password=null}}, connectionPoolSettings=ConnectionPoolSettings{maxSize=50, minSize=5, maxWaitTimeMS=30000, maxConnectionLifeTimeMS=0, maxConnectionIdleTimeMS=60000, maintenanceInitialDelayMS=0, maintenanceFrequencyMS=60000, connectionPoolListeners=[], maxConnecting=2}, serverSettings=ServerSettings{heartbeatFrequencyMS=10000, minHeartbeatFrequencyMS=500, serverListeners='[]', serverMonitorListeners='[]'}, sslSettings=SslSettings{enabled=false, invalidHostNameAllowed=false, context=null}, applicationName='mobi-blog', compressorList=[], uuidRepresentation=UNSPECIFIED, serverApi=null, autoEncryptionSettings=null, dnsClient=null, inetAddressResolver=null, contextProvider=null}
2026-07-15 14:50:38.803 [cluster-ClusterId{value='6a572dbe29d88306c4e64991', description='mobi-blog'}-127.0.0.1:27017] INFO  org.mongodb.driver.cluster - Monitor thread successfully connected to server with description ServerDescription{address=127.0.0.1:27017, type=STANDALONE, state=CONNECTED, ok=true, minWireVersion=0, maxWireVersion=28, maxDocumentSize=16777216, logicalSessionTimeoutMinutes=30, roundTripTimeNanos=16618400}
2026-07-15 14:50:39.839 [main] INFO  com.xcz.commons.core.config.DateFormatConfig - 统一设置时间格式，支持 ISO-8601 和 yyyy-MM-dd HH:mm:ss 格式
2026-07-15 14:50:40.207 [main] INFO  c.x.commons.security.support.ReleasePathCollector - Release 免认证路径: /blog/auth/login -> BlogAuthController.login
2026-07-15 14:50:40.208 [main] INFO  c.x.commons.security.support.ReleasePathCollector - Release 免认证路径: /blog/auth/send-code -> BlogAuthController.sendVerificationCode
2026-07-15 14:50:40.208 [main] INFO  c.x.commons.security.support.ReleasePathCollector - Release 免认证路径: /blog/article/detail/{articleId} -> ArticleController.getArticle
2026-07-15 14:50:40.209 [main] INFO  c.x.commons.security.support.ReleasePathCollector - Release 免认证路径: /blog/auth/reset-password -> BlogAuthController.resetPassword
2026-07-15 14:50:40.209 [main] INFO  c.x.commons.security.support.ReleasePathCollector - Release 免认证路径: /blog/comment/{parentId}/replies -> CommentController.listReplies
2026-07-15 14:50:40.209 [main] INFO  c.x.commons.security.support.ReleasePathCollector - Release 免认证路径: /blog/auth/register -> BlogAuthController.register
2026-07-15 14:50:40.209 [main] INFO  c.x.commons.security.support.ReleasePathCollector - Release 免认证路径: /blog/article/tags/hot -> ArticleController.listHotTags
2026-07-15 14:50:40.210 [main] INFO  c.x.commons.security.support.ReleasePathCollector - Release 免认证路径: /blog/comment/list -> CommentController.listComments
2026-07-15 14:50:40.210 [main] INFO  c.x.commons.security.support.ReleasePathCollector - Release 免认证路径: /blog/article/tags -> ArticleController.listAllTags
2026-07-15 14:50:40.210 [main] INFO  c.x.commons.security.support.ReleasePathCollector - Release 免认证路径: /blog/auth/send-reset-code -> BlogAuthController.sendResetCode
2026-07-15 14:50:40.211 [main] INFO  c.x.commons.security.support.ReleasePathCollector - Release 免认证路径: /blog/article/list -> ArticleController.listArticles
2026-07-15 14:50:40.273 [main] INFO  o.s.security.web.DefaultSecurityFilterChain - Will secure any request with [org.springframework.security.web.context.request.async.WebAsyncManagerIntegrationFilter@3be4e71c, org.springframework.security.web.context.SecurityContextHolderFilter@7158a28c, org.springframework.security.web.header.HeaderWriterFilter@5264e41d, org.springframework.web.filter.CorsFilter@83b0d9f, org.springframework.security.web.authentication.logout.LogoutFilter@50dcc20a, com.xcz.commons.security.interceptor.HeaderAuthenticationFilter@55704859, org.springframework.security.web.savedrequest.RequestCacheAwareFilter@49ffd0cb, org.springframework.security.web.servletapi.SecurityContextHolderAwareRequestFilter@1254e9a7, org.springframework.security.web.authentication.AnonymousAuthenticationFilter@14a3d15b, org.springframework.security.web.access.ExceptionTranslationFilter@50c0392d, org.springframework.security.web.access.intercept.AuthorizationFilter@7c4c091a]
2026-07-15 14:50:40.440 [main] INFO  com.xcz.blog.MobiBlogApplicationTests - Started MobiBlogApplicationTests in 5.626 seconds (process running for 6.235)
2026-07-15 14:50:40.455 [main] INFO  c.a.cloud.nacos.refresh.NacosContextRefresher - [Nacos Config] Listening config: dataId=mobi-blog.yaml, group=MINI_APP
2026-07-15 14:50:40.948 [Thread-3] WARN  c.alibaba.nacos.common.http.HttpClientBeanHolder - [HttpClientBeanHolder] Start destroying common HttpClient
2026-07-15 14:50:40.948 [Thread-8] WARN  com.alibaba.nacos.common.notify.NotifyCenter - [NotifyCenter] Start destroying Publisher
2026-07-15 14:50:40.949 [Thread-8] WARN  com.alibaba.nacos.common.notify.NotifyCenter - [NotifyCenter] Destruction of the end
2026-07-15 14:50:40.949 [Thread-3] WARN  c.alibaba.nacos.common.http.HttpClientBeanHolder - [HttpClientBeanHolder] Destruction of the end
2026-07-15 14:50:40.971 [SpringApplicationShutdownHook] INFO  c.b.dynamic.datasource.DynamicRoutingDataSource - dynamic-datasource start closing ....
2026-07-15 14:50:40.973 [SpringApplicationShutdownHook] INFO  com.alibaba.druid.pool.DruidDataSource - {dataSource-1} closing ...
2026-07-15 14:50:40.977 [SpringApplicationShutdownHook] INFO  com.alibaba.druid.pool.DruidDataSource - {dataSource-1} closed
2026-07-15 14:50:40.977 [SpringApplicationShutdownHook] INFO  c.b.d.d.destroyer.DefaultDataSourceDestroyer - dynamic-datasource close the datasource named [master] success,
2026-07-15 14:50:40.977 [SpringApplicationShutdownHook] INFO  c.b.dynamic.datasource.DynamicRoutingDataSource - dynamic-datasource all closed success,bye
2026-07-15 14:53:51.004 [main] INFO  com.xcz.blog.MobiBlogApplication - Starting MobiBlogApplication v0.0.1-SNAPSHOT using Java 21.0.7 with PID 32152 (E:\Code\Project\blog\mobi-blog\target\mobi-blog-0.0.1-SNAPSHOT.jar started by 寂岑呜啊 in E:\Code\Project\blog\mobi-blog)
2026-07-15 14:53:51.005 [main] DEBUG com.xcz.blog.MobiBlogApplication - Running with Spring Boot v3.2.0, Spring v6.1.1
2026-07-15 14:53:51.005 [main] INFO  com.xcz.blog.MobiBlogApplication - No active profile set, falling back to 1 default profile: "default"
2026-07-15 14:53:51.053 [main] INFO  c.a.cloud.nacos.configdata.NacosConfigDataLoader - [Nacos Config] Load config[dataId=mobi-blog.yaml, group=MINI_APP] success
2026-07-15 14:53:51.808 [main] INFO  o.s.d.r.config.RepositoryConfigurationDelegate - Bootstrapping Spring Data MongoDB repositories in DEFAULT mode.
2026-07-15 14:53:51.976 [main] INFO  o.s.d.r.config.RepositoryConfigurationDelegate - Finished Spring Data repository scanning in 165 ms. Found 2 MongoDB repository interfaces.
2026-07-15 14:53:52.146 [main] INFO  o.springframework.cloud.context.scope.GenericScope - BeanFactory id=2847efdb-4495-31ed-bb99-e5fa57d8eba5
2026-07-15 14:53:52.412 [main] WARN  o.s.c.s.PostProcessorRegistrationDelegate$BeanPostProcessorChecker - Bean 'org.springframework.cloud.commons.config.CommonsConfigAutoConfiguration' of type [org.springframework.cloud.commons.config.CommonsConfigAutoConfiguration] is not eligible for getting processed by all BeanPostProcessors (for example: not eligible for auto-proxying). Is this bean getting eagerly injected into a currently created BeanPostProcessor [projectingArgumentResolverBeanPostProcessor]? Check the corresponding BeanPostProcessor declaration and its dependencies.
2026-07-15 14:53:52.414 [main] WARN  o.s.c.s.PostProcessorRegistrationDelegate$BeanPostProcessorChecker - Bean 'org.springframework.cloud.client.loadbalancer.LoadBalancerDefaultMappingsProviderAutoConfiguration' of type [org.springframework.cloud.client.loadbalancer.LoadBalancerDefaultMappingsProviderAutoConfiguration] is not eligible for getting processed by all BeanPostProcessors (for example: not eligible for auto-proxying). Is this bean getting eagerly injected into a currently created BeanPostProcessor [projectingArgumentResolverBeanPostProcessor]? Check the corresponding BeanPostProcessor declaration and its dependencies.
2026-07-15 14:53:52.415 [main] WARN  o.s.c.s.PostProcessorRegistrationDelegate$BeanPostProcessorChecker - Bean 'loadBalancerClientsDefaultsMappingsProvider' of type [org.springframework.cloud.client.loadbalancer.LoadBalancerDefaultMappingsProviderAutoConfiguration$$Lambda/0x000002999c6eeb08] is not eligible for getting processed by all BeanPostProcessors (for example: not eligible for auto-proxying). Is this bean getting eagerly injected into a currently created BeanPostProcessor [projectingArgumentResolverBeanPostProcessor]? Check the corresponding BeanPostProcessor declaration and its dependencies.
2026-07-15 14:53:52.418 [main] WARN  o.s.c.s.PostProcessorRegistrationDelegate$BeanPostProcessorChecker - Bean 'defaultsBindHandlerAdvisor' of type [org.springframework.cloud.commons.config.DefaultsBindHandlerAdvisor] is not eligible for getting processed by all BeanPostProcessors (for example: not eligible for auto-proxying). Is this bean getting eagerly injected into a currently created BeanPostProcessor [projectingArgumentResolverBeanPostProcessor]? Check the corresponding BeanPostProcessor declaration and its dependencies.
2026-07-15 14:53:52.727 [main] INFO  o.s.boot.web.embedded.tomcat.TomcatWebServer - Tomcat initialized with port 30004 (http)
2026-07-15 14:53:52.736 [main] INFO  org.apache.catalina.core.StandardService - Starting service [Tomcat]
2026-07-15 14:53:52.737 [main] INFO  org.apache.catalina.core.StandardEngine - Starting Servlet engine: [Apache Tomcat/10.1.16]
2026-07-15 14:53:52.774 [main] INFO  o.a.c.core.ContainerBase.[Tomcat].[localhost].[/] - Initializing Spring embedded WebApplicationContext
2026-07-15 14:53:52.774 [main] INFO  o.s.b.w.s.c.ServletWebServerApplicationContext - Root WebApplicationContext: initialization completed in 1716 ms
2026-07-15 14:53:52.963 [main] INFO  org.redisson.Version - Redisson 3.50.0
2026-07-15 14:53:53.248 [main] WARN  o.r.connection.SequentialDnsAddressResolverFactory - DNS TCP fallback on UDP query timeout disabled. Upgrade Netty to 4.1.105 or higher.
2026-07-15 14:53:53.340 [redisson-netty-1-6] INFO  org.redisson.connection.ConnectionsHolder - 1 connections initialized for 127.0.0.1/127.0.0.1:6379
2026-07-15 14:53:53.368 [redisson-netty-1-23] INFO  org.redisson.connection.ConnectionsHolder - 10 connections initialized for 127.0.0.1/127.0.0.1:6379
2026-07-15 14:53:53.446 [main] INFO  com.xcz.commons.core.config.DateFormatConfig - 统一设置时间格式，支持 ISO-8601 和 yyyy-MM-dd HH:mm:ss 格式
2026-07-15 14:53:53.663 [main] INFO  c.x.commons.security.support.ReleasePathCollector - Release 免认证路径: /blog/auth/reset-password -> BlogAuthController.resetPassword
2026-07-15 14:53:53.665 [main] INFO  c.x.commons.security.support.ReleasePathCollector - Release 免认证路径: /blog/article/tags/hot -> ArticleController.listHotTags
2026-07-15 14:53:53.665 [main] INFO  c.x.commons.security.support.ReleasePathCollector - Release 免认证路径: /blog/auth/send-code -> BlogAuthController.sendVerificationCode
2026-07-15 14:53:53.665 [main] INFO  c.x.commons.security.support.ReleasePathCollector - Release 免认证路径: /blog/auth/login -> BlogAuthController.login
2026-07-15 14:53:53.665 [main] INFO  c.x.commons.security.support.ReleasePathCollector - Release 免认证路径: /blog/auth/send-reset-code -> BlogAuthController.sendResetCode
2026-07-15 14:53:53.665 [main] INFO  c.x.commons.security.support.ReleasePathCollector - Release 免认证路径: /blog/comment/{parentId}/replies -> CommentController.listReplies
2026-07-15 14:53:53.665 [main] INFO  c.x.commons.security.support.ReleasePathCollector - Release 免认证路径: /blog/article/detail/{articleId} -> ArticleController.getArticle
2026-07-15 14:53:53.666 [main] INFO  c.x.commons.security.support.ReleasePathCollector - Release 免认证路径: /blog/article/list -> ArticleController.listArticles
2026-07-15 14:53:53.666 [main] INFO  c.x.commons.security.support.ReleasePathCollector - Release 免认证路径: /blog/article/tags -> ArticleController.listAllTags
2026-07-15 14:53:53.667 [main] INFO  c.x.commons.security.support.ReleasePathCollector - Release 免认证路径: /blog/auth/register -> BlogAuthController.register
2026-07-15 14:53:53.668 [main] INFO  c.x.commons.security.support.ReleasePathCollector - Release 免认证路径: /blog/comment/list -> CommentController.listComments
2026-07-15 14:53:54.297 [main] INFO  com.alibaba.druid.pool.DruidDataSource - {dataSource-1,master} inited
2026-07-15 14:53:54.298 [main] INFO  c.b.dynamic.datasource.DynamicRoutingDataSource - dynamic-datasource - add a datasource named [master] success
2026-07-15 14:53:54.298 [main] INFO  c.b.dynamic.datasource.DynamicRoutingDataSource - dynamic-datasource initial loaded [1] datasource,primary datasource named [master]
2026-07-15 14:53:54.484 [main] INFO  org.redisson.Version - Redisson 3.50.0
2026-07-15 14:53:54.519 [main] WARN  o.r.connection.SequentialDnsAddressResolverFactory - DNS TCP fallback on UDP query timeout disabled. Upgrade Netty to 4.1.105 or higher.
2026-07-15 14:53:54.530 [redisson-netty-5-6] INFO  org.redisson.connection.ConnectionsHolder - 1 connections initialized for 127.0.0.1/127.0.0.1:6379
2026-07-15 14:53:54.613 [redisson-netty-5-23] INFO  org.redisson.connection.ConnectionsHolder - 10 connections initialized for 127.0.0.1/127.0.0.1:6379
2026-07-15 14:53:54.927 [main] INFO  com.xcz.commons.core.utils.ip.IpUtils - IP地址库加载成功，大小: 10810 KB
2026-07-15 14:53:55.361 [main] INFO  c.xcz.commons.mongodb.support.MongoStartupLogger - [Commons MongoDB] Successfully initialized MongoClient for [mobi-blog], datasource: primary, database: mobi_blog, mode: standalone, hosts: 127.0.0.1:27017 (primary)
2026-07-15 14:53:55.361 [main] INFO  c.xcz.commons.mongodb.support.MongoStartupLogger - 
MM    MM                               DDDDD   BBBBB
MMM  MMM  oooo  nn nnn   gggggg  oooo  DD  DD  BB   B
MM MM MM oo  oo nnn  nn gg   gg oo  oo DD   DD BBBBBB
MM    MM oo  oo nn   nn ggggggg oo  oo DD   DD BB   BB
MM    MM  oooo  nn   nn      gg  oooo  DDDDDD  BBBBBB
                         ggggg

2026-07-15 14:53:55.428 [main] INFO  org.mongodb.driver.client - MongoClient with metadata {"application": {"name": "mobi-blog"}, "driver": {"name": "mongo-java-driver|sync", "version": "4.11.1"}, "os": {"type": "Windows", "name": "Windows 11", "architecture": "amd64", "version": "10.0"}, "platform": "Java/Oracle Corporation/21.0.7+8-LTS-245"} created with settings MongoClientSettings{readPreference=primary, writeConcern=WriteConcern{w=null, wTimeout=null ms, journal=null}, retryWrites=true, retryReads=true, readConcern=ReadConcern{level=null}, credential=MongoCredential{mechanism=null, userName='root', source='admin', password=<hidden>, mechanismProperties=<hidden>}, transportSettings=null, streamFactoryFactory=null, commandListeners=[], codecRegistry=ProvidersCodecRegistry{codecProviders=[ValueCodecProvider{}, BsonValueCodecProvider{}, DBRefCodecProvider{}, DBObjectCodecProvider{}, DocumentCodecProvider{}, CollectionCodecProvider{}, IterableCodecProvider{}, MapCodecProvider{}, GeoJsonCodecProvider{}, GridFSFileCodecProvider{}, Jsr310CodecProvider{}, JsonObjectCodecProvider{}, BsonCodecProvider{}, EnumCodecProvider{}, com.mongodb.client.model.mql.ExpressionCodecProvider@6bd2c51d, com.mongodb.Jep395RecordCodecProvider@709c41da, com.mongodb.KotlinCodecProvider@6ca9f1d0]}, loggerSettings=LoggerSettings{maxDocumentLength=1000}, clusterSettings={hosts=[127.0.0.1:27017], srvServiceName=mongodb, mode=SINGLE, requiredClusterType=UNKNOWN, requiredReplicaSetName='null', serverSelector='null', clusterListeners='[]', serverSelectionTimeout='30000 ms', localThreshold='15 ms'}, socketSettings=SocketSettings{connectTimeoutMS=10000, readTimeoutMS=0, receiveBufferSize=0, proxySettings=ProxySettings{host=null, port=null, username=null, password=null}}, heartbeatSocketSettings=SocketSettings{connectTimeoutMS=10000, readTimeoutMS=10000, receiveBufferSize=0, proxySettings=ProxySettings{host=null, port=null, username=null, password=null}}, connectionPoolSettings=ConnectionPoolSettings{maxSize=50, minSize=5, maxWaitTimeMS=30000, maxConnectionLifeTimeMS=0, maxConnectionIdleTimeMS=60000, maintenanceInitialDelayMS=0, maintenanceFrequencyMS=60000, connectionPoolListeners=[], maxConnecting=2}, serverSettings=ServerSettings{heartbeatFrequencyMS=10000, minHeartbeatFrequencyMS=500, serverListeners='[]', serverMonitorListeners='[]'}, sslSettings=SslSettings{enabled=false, invalidHostNameAllowed=false, context=null}, applicationName='mobi-blog', compressorList=[], uuidRepresentation=UNSPECIFIED, serverApi=null, autoEncryptionSettings=null, dnsClient=null, inetAddressResolver=null, contextProvider=null}
2026-07-15 14:53:55.438 [cluster-ClusterId{value='6a572e836b79db3031a81543', description='mobi-blog'}-127.0.0.1:27017] INFO  org.mongodb.driver.cluster - Monitor thread successfully connected to server with description ServerDescription{address=127.0.0.1:27017, type=STANDALONE, state=CONNECTED, ok=true, minWireVersion=0, maxWireVersion=28, maxDocumentSize=16777216, logicalSessionTimeoutMinutes=30, roundTripTimeNanos=23103800}
2026-07-15 14:53:56.816 [main] INFO  o.s.security.web.DefaultSecurityFilterChain - Will secure any request with [org.springframework.security.web.context.request.async.WebAsyncManagerIntegrationFilter@4d555b85, org.springframework.security.web.context.SecurityContextHolderFilter@2b6c3f70, org.springframework.security.web.header.HeaderWriterFilter@34f636a5, org.springframework.web.filter.CorsFilter@1132c14, org.springframework.security.web.authentication.logout.LogoutFilter@7a6433f3, com.xcz.commons.security.interceptor.HeaderAuthenticationFilter@68fc1e7f, org.springframework.security.web.savedrequest.RequestCacheAwareFilter@55d3c0dd, org.springframework.security.web.servletapi.SecurityContextHolderAwareRequestFilter@7c4a44bb, org.springframework.security.web.authentication.AnonymousAuthenticationFilter@41f4693a, org.springframework.security.web.access.ExceptionTranslationFilter@69c00140, org.springframework.security.web.access.intercept.AuthorizationFilter@6434827e]
2026-07-15 14:53:57.061 [main] WARN  o.s.b.w.s.c.AnnotationConfigServletWebServerApplicationContext - Exception encountered during context initialization - cancelling refresh attempt: org.springframework.context.ApplicationContextException: Failed to start bean 'webServerStartStop'
2026-07-15 14:53:57.091 [main] INFO  c.b.dynamic.datasource.DynamicRoutingDataSource - dynamic-datasource start closing ....
2026-07-15 14:53:57.094 [main] INFO  com.alibaba.druid.pool.DruidDataSource - {dataSource-1} closing ...
2026-07-15 14:53:57.100 [main] INFO  com.alibaba.druid.pool.DruidDataSource - {dataSource-1} closed
2026-07-15 14:53:57.100 [main] INFO  c.b.d.d.destroyer.DefaultDataSourceDestroyer - dynamic-datasource close the datasource named [master] success,
2026-07-15 14:53:57.100 [main] INFO  c.b.dynamic.datasource.DynamicRoutingDataSource - dynamic-datasource all closed success,bye
2026-07-15 14:53:57.127 [main] INFO  o.s.b.a.logging.ConditionEvaluationReportLogger - 

Error starting ApplicationContext. To display the condition evaluation report re-run your application with 'debug' enabled.
2026-07-15 14:53:57.141 [main] ERROR o.s.b.diagnostics.LoggingFailureAnalysisReporter - 

***************************
APPLICATION FAILED TO START
***************************

Description:

Web server failed to start. Port 30004 was already in use.

Action:

Identify and stop the process that's listening on port 30004 or configure this application to listen on another port.

2026-07-15 14:53:58.101 [Thread-7] WARN  com.alibaba.nacos.common.notify.NotifyCenter - [NotifyCenter] Start destroying Publisher
2026-07-15 14:53:58.101 [Thread-2] WARN  c.alibaba.nacos.common.http.HttpClientBeanHolder - [HttpClientBeanHolder] Start destroying common HttpClient
2026-07-15 14:53:58.101 [Thread-7] WARN  com.alibaba.nacos.common.notify.NotifyCenter - [NotifyCenter] Destruction of the end
2026-07-15 15:05:18.101 [main] INFO  com.xcz.blog.MobiBlogApplicationTests - Starting MobiBlogApplicationTests using Java 21.0.7 with PID 33484 (started by 寂岑呜啊 in E:\Code\Project\blog\mobi-blog)
2026-07-15 15:05:18.103 [main] DEBUG com.xcz.blog.MobiBlogApplicationTests - Running with Spring Boot v3.2.0, Spring v6.1.1
2026-07-15 15:05:18.103 [main] INFO  com.xcz.blog.MobiBlogApplicationTests - No active profile set, falling back to 1 default profile: "default"
2026-07-15 15:05:18.119 [main] INFO  c.a.cloud.nacos.configdata.NacosConfigDataLoader - [Nacos Config] Load config[dataId=mobi-blog.yaml, group=MINI_APP] success
2026-07-15 15:05:18.764 [main] INFO  o.s.d.r.config.RepositoryConfigurationDelegate - Bootstrapping Spring Data MongoDB repositories in DEFAULT mode.
2026-07-15 15:05:18.852 [main] INFO  o.s.d.r.config.RepositoryConfigurationDelegate - Finished Spring Data repository scanning in 86 ms. Found 2 MongoDB repository interfaces.
2026-07-15 15:05:19.001 [main] INFO  o.springframework.cloud.context.scope.GenericScope - BeanFactory id=8b1964bf-61d4-39c3-89cc-31301ff49ebb
2026-07-15 15:05:19.211 [main] WARN  o.s.c.s.PostProcessorRegistrationDelegate$BeanPostProcessorChecker - Bean 'org.springframework.cloud.commons.config.CommonsConfigAutoConfiguration' of type [org.springframework.cloud.commons.config.CommonsConfigAutoConfiguration] is not eligible for getting processed by all BeanPostProcessors (for example: not eligible for auto-proxying). Is this bean getting eagerly injected into a currently created BeanPostProcessor [projectingArgumentResolverBeanPostProcessor]? Check the corresponding BeanPostProcessor declaration and its dependencies.
2026-07-15 15:05:19.214 [main] WARN  o.s.c.s.PostProcessorRegistrationDelegate$BeanPostProcessorChecker - Bean 'org.springframework.cloud.client.loadbalancer.LoadBalancerDefaultMappingsProviderAutoConfiguration' of type [org.springframework.cloud.client.loadbalancer.LoadBalancerDefaultMappingsProviderAutoConfiguration] is not eligible for getting processed by all BeanPostProcessors (for example: not eligible for auto-proxying). Is this bean getting eagerly injected into a currently created BeanPostProcessor [projectingArgumentResolverBeanPostProcessor]? Check the corresponding BeanPostProcessor declaration and its dependencies.
2026-07-15 15:05:19.215 [main] WARN  o.s.c.s.PostProcessorRegistrationDelegate$BeanPostProcessorChecker - Bean 'loadBalancerClientsDefaultsMappingsProvider' of type [org.springframework.cloud.client.loadbalancer.LoadBalancerDefaultMappingsProviderAutoConfiguration$$Lambda/0x000001698174da08] is not eligible for getting processed by all BeanPostProcessors (for example: not eligible for auto-proxying). Is this bean getting eagerly injected into a currently created BeanPostProcessor [projectingArgumentResolverBeanPostProcessor]? Check the corresponding BeanPostProcessor declaration and its dependencies.
2026-07-15 15:05:19.215 [main] WARN  o.s.c.s.PostProcessorRegistrationDelegate$BeanPostProcessorChecker - Bean 'defaultsBindHandlerAdvisor' of type [org.springframework.cloud.commons.config.DefaultsBindHandlerAdvisor] is not eligible for getting processed by all BeanPostProcessors (for example: not eligible for auto-proxying). Is this bean getting eagerly injected into a currently created BeanPostProcessor [projectingArgumentResolverBeanPostProcessor]? Check the corresponding BeanPostProcessor declaration and its dependencies.
2026-07-15 15:05:19.692 [main] INFO  com.alibaba.druid.pool.DruidDataSource - {dataSource-1,master} inited
2026-07-15 15:05:19.692 [main] INFO  c.b.dynamic.datasource.DynamicRoutingDataSource - dynamic-datasource - add a datasource named [master] success
2026-07-15 15:05:19.693 [main] INFO  c.b.dynamic.datasource.DynamicRoutingDataSource - dynamic-datasource initial loaded [1] datasource,primary datasource named [master]
2026-07-15 15:05:20.039 [main] INFO  org.redisson.Version - Redisson 3.50.0
2026-07-15 15:05:20.129 [main] WARN  o.r.connection.SequentialDnsAddressResolverFactory - DNS TCP fallback on UDP query timeout disabled. Upgrade Netty to 4.1.105 or higher.
2026-07-15 15:05:20.179 [redisson-netty-1-6] INFO  org.redisson.connection.ConnectionsHolder - 1 connections initialized for 127.0.0.1/127.0.0.1:6379
2026-07-15 15:05:20.204 [redisson-netty-1-23] INFO  org.redisson.connection.ConnectionsHolder - 10 connections initialized for 127.0.0.1/127.0.0.1:6379
2026-07-15 15:05:20.301 [main] INFO  com.xcz.commons.core.utils.ip.IpUtils - IP地址库加载成功，大小: 10810 KB
2026-07-15 15:05:20.330 [main] INFO  org.redisson.Version - Redisson 3.50.0
2026-07-15 15:05:20.351 [main] WARN  o.r.connection.SequentialDnsAddressResolverFactory - DNS TCP fallback on UDP query timeout disabled. Upgrade Netty to 4.1.105 or higher.
2026-07-15 15:05:20.357 [redisson-netty-5-6] INFO  org.redisson.connection.ConnectionsHolder - 1 connections initialized for 127.0.0.1/127.0.0.1:6379
2026-07-15 15:05:20.381 [redisson-netty-5-23] INFO  org.redisson.connection.ConnectionsHolder - 10 connections initialized for 127.0.0.1/127.0.0.1:6379
2026-07-15 15:05:20.559 [main] INFO  c.xcz.commons.mongodb.support.MongoStartupLogger - [Commons MongoDB] Successfully initialized MongoClient for [mobi-blog], datasource: primary, database: mobi_blog, mode: standalone, hosts: 127.0.0.1:27017 (primary)
2026-07-15 15:05:20.559 [main] INFO  c.xcz.commons.mongodb.support.MongoStartupLogger - 
MM    MM                               DDDDD   BBBBB
MMM  MMM  oooo  nn nnn   gggggg  oooo  DD  DD  BB   B
MM MM MM oo  oo nnn  nn gg   gg oo  oo DD   DD BBBBBB
MM    MM oo  oo nn   nn ggggggg oo  oo DD   DD BB   BB
MM    MM  oooo  nn   nn      gg  oooo  DDDDDD  BBBBBB
                         ggggg

2026-07-15 15:05:20.607 [main] INFO  org.mongodb.driver.client - MongoClient with metadata {"application": {"name": "mobi-blog"}, "driver": {"name": "mongo-java-driver|sync", "version": "4.11.1"}, "os": {"type": "Windows", "name": "Windows 11", "architecture": "amd64", "version": "10.0"}, "platform": "Java/Oracle Corporation/21.0.7+8-LTS-245"} created with settings MongoClientSettings{readPreference=primary, writeConcern=WriteConcern{w=null, wTimeout=null ms, journal=null}, retryWrites=true, retryReads=true, readConcern=ReadConcern{level=null}, credential=MongoCredential{mechanism=null, userName='root', source='admin', password=<hidden>, mechanismProperties=<hidden>}, transportSettings=null, streamFactoryFactory=null, commandListeners=[], codecRegistry=ProvidersCodecRegistry{codecProviders=[ValueCodecProvider{}, BsonValueCodecProvider{}, DBRefCodecProvider{}, DBObjectCodecProvider{}, DocumentCodecProvider{}, CollectionCodecProvider{}, IterableCodecProvider{}, MapCodecProvider{}, GeoJsonCodecProvider{}, GridFSFileCodecProvider{}, Jsr310CodecProvider{}, JsonObjectCodecProvider{}, BsonCodecProvider{}, EnumCodecProvider{}, com.mongodb.client.model.mql.ExpressionCodecProvider@4aa4bfa1, com.mongodb.Jep395RecordCodecProvider@2100d881, com.mongodb.KotlinCodecProvider@59881424]}, loggerSettings=LoggerSettings{maxDocumentLength=1000}, clusterSettings={hosts=[127.0.0.1:27017], srvServiceName=mongodb, mode=SINGLE, requiredClusterType=UNKNOWN, requiredReplicaSetName='null', serverSelector='null', clusterListeners='[]', serverSelectionTimeout='30000 ms', localThreshold='15 ms'}, socketSettings=SocketSettings{connectTimeoutMS=10000, readTimeoutMS=0, receiveBufferSize=0, proxySettings=ProxySettings{host=null, port=null, username=null, password=null}}, heartbeatSocketSettings=SocketSettings{connectTimeoutMS=10000, readTimeoutMS=10000, receiveBufferSize=0, proxySettings=ProxySettings{host=null, port=null, username=null, password=null}}, connectionPoolSettings=ConnectionPoolSettings{maxSize=50, minSize=5, maxWaitTimeMS=30000, maxConnectionLifeTimeMS=0, maxConnectionIdleTimeMS=60000, maintenanceInitialDelayMS=0, maintenanceFrequencyMS=60000, connectionPoolListeners=[], maxConnecting=2}, serverSettings=ServerSettings{heartbeatFrequencyMS=10000, minHeartbeatFrequencyMS=500, serverListeners='[]', serverMonitorListeners='[]'}, sslSettings=SslSettings{enabled=false, invalidHostNameAllowed=false, context=null}, applicationName='mobi-blog', compressorList=[], uuidRepresentation=UNSPECIFIED, serverApi=null, autoEncryptionSettings=null, dnsClient=null, inetAddressResolver=null, contextProvider=null}
2026-07-15 15:05:20.621 [cluster-ClusterId{value='6a573130c2d39b745ad9ef42', description='mobi-blog'}-127.0.0.1:27017] INFO  org.mongodb.driver.cluster - Monitor thread successfully connected to server with description ServerDescription{address=127.0.0.1:27017, type=STANDALONE, state=CONNECTED, ok=true, minWireVersion=0, maxWireVersion=28, maxDocumentSize=16777216, logicalSessionTimeoutMinutes=30, roundTripTimeNanos=19730800}
2026-07-15 15:05:21.511 [main] INFO  com.xcz.commons.core.config.DateFormatConfig - 统一设置时间格式，支持 ISO-8601 和 yyyy-MM-dd HH:mm:ss 格式
2026-07-15 15:05:21.924 [main] INFO  c.x.commons.security.support.ReleasePathCollector - Release 免认证路径: /blog/auth/send-reset-code -> BlogAuthController.sendResetCode
2026-07-15 15:05:21.925 [main] INFO  c.x.commons.security.support.ReleasePathCollector - Release 免认证路径: /blog/article/tags/hot -> ArticleController.listHotTags
2026-07-15 15:05:21.925 [main] INFO  c.x.commons.security.support.ReleasePathCollector - Release 免认证路径: /blog/auth/reset-password -> BlogAuthController.resetPassword
2026-07-15 15:05:21.926 [main] INFO  c.x.commons.security.support.ReleasePathCollector - Release 免认证路径: /blog/auth/login -> BlogAuthController.login
2026-07-15 15:05:21.926 [main] INFO  c.x.commons.security.support.ReleasePathCollector - Release 免认证路径: /blog/auth/send-code -> BlogAuthController.sendVerificationCode
2026-07-15 15:05:21.926 [main] INFO  c.x.commons.security.support.ReleasePathCollector - Release 免认证路径: /blog/comment/list -> CommentController.listComments
2026-07-15 15:05:21.927 [main] INFO  c.x.commons.security.support.ReleasePathCollector - Release 免认证路径: /blog/auth/register -> BlogAuthController.register
2026-07-15 15:05:21.927 [main] INFO  c.x.commons.security.support.ReleasePathCollector - Release 免认证路径: /blog/article/tags -> ArticleController.listAllTags
2026-07-15 15:05:21.927 [main] INFO  c.x.commons.security.support.ReleasePathCollector - Release 免认证路径: /blog/article/list -> ArticleController.listArticles
2026-07-15 15:05:21.927 [main] INFO  c.x.commons.security.support.ReleasePathCollector - Release 免认证路径: /blog/article/detail/{articleId} -> ArticleController.getArticle
2026-07-15 15:05:21.927 [main] INFO  c.x.commons.security.support.ReleasePathCollector - Release 免认证路径: /blog/comment/{parentId}/replies -> CommentController.listReplies
2026-07-15 15:05:22.003 [main] INFO  o.s.security.web.DefaultSecurityFilterChain - Will secure any request with [org.springframework.security.web.context.request.async.WebAsyncManagerIntegrationFilter@738ce295, org.springframework.security.web.context.SecurityContextHolderFilter@447dec7e, org.springframework.security.web.header.HeaderWriterFilter@5e324000, org.springframework.web.filter.CorsFilter@2ae62f7, org.springframework.security.web.authentication.logout.LogoutFilter@42e74fa3, com.xcz.commons.security.interceptor.HeaderAuthenticationFilter@1dbb3001, org.springframework.security.web.savedrequest.RequestCacheAwareFilter@71c1ba6d, org.springframework.security.web.servletapi.SecurityContextHolderAwareRequestFilter@50f6eb17, org.springframework.security.web.authentication.AnonymousAuthenticationFilter@26a5775f, org.springframework.security.web.access.ExceptionTranslationFilter@4e4d6172, org.springframework.security.web.access.intercept.AuthorizationFilter@48bd8247]
2026-07-15 15:05:22.247 [main] INFO  com.xcz.blog.MobiBlogApplicationTests - Started MobiBlogApplicationTests in 5.041 seconds (process running for 5.621)
2026-07-15 15:05:22.280 [main] INFO  c.a.cloud.nacos.refresh.NacosContextRefresher - [Nacos Config] Listening config: dataId=mobi-blog.yaml, group=MINI_APP
2026-07-15 15:05:22.776 [Thread-3] WARN  c.alibaba.nacos.common.http.HttpClientBeanHolder - [HttpClientBeanHolder] Start destroying common HttpClient
2026-07-15 15:05:22.776 [Thread-8] WARN  com.alibaba.nacos.common.notify.NotifyCenter - [NotifyCenter] Start destroying Publisher
2026-07-15 15:05:22.777 [Thread-8] WARN  com.alibaba.nacos.common.notify.NotifyCenter - [NotifyCenter] Destruction of the end
2026-07-15 15:05:22.778 [Thread-3] WARN  c.alibaba.nacos.common.http.HttpClientBeanHolder - [HttpClientBeanHolder] Destruction of the end
2026-07-15 15:05:22.830 [SpringApplicationShutdownHook] INFO  c.b.dynamic.datasource.DynamicRoutingDataSource - dynamic-datasource start closing ....
2026-07-15 15:05:22.832 [SpringApplicationShutdownHook] INFO  com.alibaba.druid.pool.DruidDataSource - {dataSource-1} closing ...
2026-07-15 15:05:22.835 [SpringApplicationShutdownHook] INFO  com.alibaba.druid.pool.DruidDataSource - {dataSource-1} closed
2026-07-15 15:05:22.835 [SpringApplicationShutdownHook] INFO  c.b.d.d.destroyer.DefaultDataSourceDestroyer - dynamic-datasource close the datasource named [master] success,
2026-07-15 15:05:22.835 [SpringApplicationShutdownHook] INFO  c.b.dynamic.datasource.DynamicRoutingDataSource - dynamic-datasource all closed success,bye
2026-07-15 15:45:10.014 [main] INFO  com.xcz.blog.MobiBlogApplicationTests - Starting MobiBlogApplicationTests using Java 21.0.7 with PID 27520 (started by 寂岑呜啊 in E:\Code\Project\blog\mobi-blog)
2026-07-15 15:45:10.015 [main] DEBUG com.xcz.blog.MobiBlogApplicationTests - Running with Spring Boot v3.2.0, Spring v6.1.1
2026-07-15 15:45:10.015 [main] INFO  com.xcz.blog.MobiBlogApplicationTests - No active profile set, falling back to 1 default profile: "default"
2026-07-15 15:45:10.032 [main] INFO  c.a.cloud.nacos.configdata.NacosConfigDataLoader - [Nacos Config] Load config[dataId=mobi-blog.yaml, group=MINI_APP] success
2026-07-15 15:45:10.673 [main] INFO  o.s.d.r.config.RepositoryConfigurationDelegate - Bootstrapping Spring Data MongoDB repositories in DEFAULT mode.
2026-07-15 15:45:10.769 [main] INFO  o.s.d.r.config.RepositoryConfigurationDelegate - Finished Spring Data repository scanning in 95 ms. Found 2 MongoDB repository interfaces.
2026-07-15 15:45:10.919 [main] INFO  o.springframework.cloud.context.scope.GenericScope - BeanFactory id=8b1964bf-61d4-39c3-89cc-31301ff49ebb
2026-07-15 15:45:11.121 [main] WARN  o.s.c.s.PostProcessorRegistrationDelegate$BeanPostProcessorChecker - Bean 'org.springframework.cloud.commons.config.CommonsConfigAutoConfiguration' of type [org.springframework.cloud.commons.config.CommonsConfigAutoConfiguration] is not eligible for getting processed by all BeanPostProcessors (for example: not eligible for auto-proxying). Is this bean getting eagerly injected into a currently created BeanPostProcessor [projectingArgumentResolverBeanPostProcessor]? Check the corresponding BeanPostProcessor declaration and its dependencies.
2026-07-15 15:45:11.123 [main] WARN  o.s.c.s.PostProcessorRegistrationDelegate$BeanPostProcessorChecker - Bean 'org.springframework.cloud.client.loadbalancer.LoadBalancerDefaultMappingsProviderAutoConfiguration' of type [org.springframework.cloud.client.loadbalancer.LoadBalancerDefaultMappingsProviderAutoConfiguration] is not eligible for getting processed by all BeanPostProcessors (for example: not eligible for auto-proxying). Is this bean getting eagerly injected into a currently created BeanPostProcessor [projectingArgumentResolverBeanPostProcessor]? Check the corresponding BeanPostProcessor declaration and its dependencies.
2026-07-15 15:45:11.123 [main] WARN  o.s.c.s.PostProcessorRegistrationDelegate$BeanPostProcessorChecker - Bean 'loadBalancerClientsDefaultsMappingsProvider' of type [org.springframework.cloud.client.loadbalancer.LoadBalancerDefaultMappingsProviderAutoConfiguration$$Lambda/0x0000017b4774da08] is not eligible for getting processed by all BeanPostProcessors (for example: not eligible for auto-proxying). Is this bean getting eagerly injected into a currently created BeanPostProcessor [projectingArgumentResolverBeanPostProcessor]? Check the corresponding BeanPostProcessor declaration and its dependencies.
2026-07-15 15:45:11.126 [main] WARN  o.s.c.s.PostProcessorRegistrationDelegate$BeanPostProcessorChecker - Bean 'defaultsBindHandlerAdvisor' of type [org.springframework.cloud.commons.config.DefaultsBindHandlerAdvisor] is not eligible for getting processed by all BeanPostProcessors (for example: not eligible for auto-proxying). Is this bean getting eagerly injected into a currently created BeanPostProcessor [projectingArgumentResolverBeanPostProcessor]? Check the corresponding BeanPostProcessor declaration and its dependencies.
2026-07-15 15:45:11.563 [main] INFO  com.alibaba.druid.pool.DruidDataSource - {dataSource-1,master} inited
2026-07-15 15:45:11.563 [main] INFO  c.b.dynamic.datasource.DynamicRoutingDataSource - dynamic-datasource - add a datasource named [master] success
2026-07-15 15:45:11.565 [main] INFO  c.b.dynamic.datasource.DynamicRoutingDataSource - dynamic-datasource initial loaded [1] datasource,primary datasource named [master]
2026-07-15 15:45:11.770 [main] INFO  org.redisson.Version - Redisson 3.50.0
2026-07-15 15:45:11.862 [main] WARN  o.r.connection.SequentialDnsAddressResolverFactory - DNS TCP fallback on UDP query timeout disabled. Upgrade Netty to 4.1.105 or higher.
2026-07-15 15:45:11.913 [redisson-netty-1-6] INFO  org.redisson.connection.ConnectionsHolder - 1 connections initialized for 127.0.0.1/127.0.0.1:6379
2026-07-15 15:45:11.940 [redisson-netty-1-23] INFO  org.redisson.connection.ConnectionsHolder - 10 connections initialized for 127.0.0.1/127.0.0.1:6379
2026-07-15 15:45:12.053 [main] INFO  com.xcz.commons.core.utils.ip.IpUtils - IP地址库加载成功，大小: 10810 KB
2026-07-15 15:45:12.081 [main] INFO  org.redisson.Version - Redisson 3.50.0
2026-07-15 15:45:12.099 [main] WARN  o.r.connection.SequentialDnsAddressResolverFactory - DNS TCP fallback on UDP query timeout disabled. Upgrade Netty to 4.1.105 or higher.
2026-07-15 15:45:12.105 [redisson-netty-5-6] INFO  org.redisson.connection.ConnectionsHolder - 1 connections initialized for 127.0.0.1/127.0.0.1:6379
2026-07-15 15:45:12.126 [redisson-netty-5-23] INFO  org.redisson.connection.ConnectionsHolder - 10 connections initialized for 127.0.0.1/127.0.0.1:6379
2026-07-15 15:45:12.326 [main] INFO  c.xcz.commons.mongodb.support.MongoStartupLogger - [Commons MongoDB] Successfully initialized MongoClient for [mobi-blog], datasource: primary, database: mobi_blog, mode: standalone, hosts: 127.0.0.1:27017 (primary)
2026-07-15 15:45:12.326 [main] INFO  c.xcz.commons.mongodb.support.MongoStartupLogger - 
MM    MM                               DDDDD   BBBBB
MMM  MMM  oooo  nn nnn   gggggg  oooo  DD  DD  BB   B
MM MM MM oo  oo nnn  nn gg   gg oo  oo DD   DD BBBBBB
MM    MM oo  oo nn   nn ggggggg oo  oo DD   DD BB   BB
MM    MM  oooo  nn   nn      gg  oooo  DDDDDD  BBBBBB
                         ggggg

2026-07-15 15:45:12.377 [main] INFO  org.mongodb.driver.client - MongoClient with metadata {"application": {"name": "mobi-blog"}, "driver": {"name": "mongo-java-driver|sync", "version": "4.11.1"}, "os": {"type": "Windows", "name": "Windows 11", "architecture": "amd64", "version": "10.0"}, "platform": "Java/Oracle Corporation/21.0.7+8-LTS-245"} created with settings MongoClientSettings{readPreference=primary, writeConcern=WriteConcern{w=null, wTimeout=null ms, journal=null}, retryWrites=true, retryReads=true, readConcern=ReadConcern{level=null}, credential=MongoCredential{mechanism=null, userName='root', source='admin', password=<hidden>, mechanismProperties=<hidden>}, transportSettings=null, streamFactoryFactory=null, commandListeners=[], codecRegistry=ProvidersCodecRegistry{codecProviders=[ValueCodecProvider{}, BsonValueCodecProvider{}, DBRefCodecProvider{}, DBObjectCodecProvider{}, DocumentCodecProvider{}, CollectionCodecProvider{}, IterableCodecProvider{}, MapCodecProvider{}, GeoJsonCodecProvider{}, GridFSFileCodecProvider{}, Jsr310CodecProvider{}, JsonObjectCodecProvider{}, BsonCodecProvider{}, EnumCodecProvider{}, com.mongodb.client.model.mql.ExpressionCodecProvider@110b6c78, com.mongodb.Jep395RecordCodecProvider@e62d757, com.mongodb.KotlinCodecProvider@597f2d3f]}, loggerSettings=LoggerSettings{maxDocumentLength=1000}, clusterSettings={hosts=[127.0.0.1:27017], srvServiceName=mongodb, mode=SINGLE, requiredClusterType=UNKNOWN, requiredReplicaSetName='null', serverSelector='null', clusterListeners='[]', serverSelectionTimeout='30000 ms', localThreshold='15 ms'}, socketSettings=SocketSettings{connectTimeoutMS=10000, readTimeoutMS=0, receiveBufferSize=0, proxySettings=ProxySettings{host=null, port=null, username=null, password=null}}, heartbeatSocketSettings=SocketSettings{connectTimeoutMS=10000, readTimeoutMS=10000, receiveBufferSize=0, proxySettings=ProxySettings{host=null, port=null, username=null, password=null}}, connectionPoolSettings=ConnectionPoolSettings{maxSize=50, minSize=5, maxWaitTimeMS=30000, maxConnectionLifeTimeMS=0, maxConnectionIdleTimeMS=60000, maintenanceInitialDelayMS=0, maintenanceFrequencyMS=60000, connectionPoolListeners=[], maxConnecting=2}, serverSettings=ServerSettings{heartbeatFrequencyMS=10000, minHeartbeatFrequencyMS=500, serverListeners='[]', serverMonitorListeners='[]'}, sslSettings=SslSettings{enabled=false, invalidHostNameAllowed=false, context=null}, applicationName='mobi-blog', compressorList=[], uuidRepresentation=UNSPECIFIED, serverApi=null, autoEncryptionSettings=null, dnsClient=null, inetAddressResolver=null, contextProvider=null}
2026-07-15 15:45:12.390 [cluster-ClusterId{value='6a573a881523630bb63b395d', description='mobi-blog'}-127.0.0.1:27017] INFO  org.mongodb.driver.cluster - Monitor thread successfully connected to server with description ServerDescription{address=127.0.0.1:27017, type=STANDALONE, state=CONNECTED, ok=true, minWireVersion=0, maxWireVersion=28, maxDocumentSize=16777216, logicalSessionTimeoutMinutes=30, roundTripTimeNanos=16665000}
2026-07-15 15:45:13.216 [main] INFO  com.xcz.commons.core.config.DateFormatConfig - 统一设置时间格式，支持 ISO-8601 和 yyyy-MM-dd HH:mm:ss 格式
2026-07-15 15:45:13.642 [main] INFO  c.x.commons.security.support.ReleasePathCollector - Release 免认证路径: /blog/article/tags/hot -> ArticleController.listHotTags
2026-07-15 15:45:13.643 [main] INFO  c.x.commons.security.support.ReleasePathCollector - Release 免认证路径: /blog/auth/send-reset-code -> BlogAuthController.sendResetCode
2026-07-15 15:45:13.643 [main] INFO  c.x.commons.security.support.ReleasePathCollector - Release 免认证路径: /blog/auth/login -> BlogAuthController.login
2026-07-15 15:45:13.644 [main] INFO  c.x.commons.security.support.ReleasePathCollector - Release 免认证路径: /blog/auth/send-code -> BlogAuthController.sendVerificationCode
2026-07-15 15:45:13.644 [main] INFO  c.x.commons.security.support.ReleasePathCollector - Release 免认证路径: /blog/comment/list -> CommentController.listComments
2026-07-15 15:45:13.645 [main] INFO  c.x.commons.security.support.ReleasePathCollector - Release 免认证路径: /blog/auth/reset-password -> BlogAuthController.resetPassword
2026-07-15 15:45:13.645 [main] INFO  c.x.commons.security.support.ReleasePathCollector - Release 免认证路径: /blog/article/tags -> ArticleController.listAllTags
2026-07-15 15:45:13.645 [main] INFO  c.x.commons.security.support.ReleasePathCollector - Release 免认证路径: /blog/article/list -> ArticleController.listArticles
2026-07-15 15:45:13.646 [main] INFO  c.x.commons.security.support.ReleasePathCollector - Release 免认证路径: /blog/auth/register -> BlogAuthController.register
2026-07-15 15:45:13.646 [main] INFO  c.x.commons.security.support.ReleasePathCollector - Release 免认证路径: /blog/comment/{parentId}/replies -> CommentController.listReplies
2026-07-15 15:45:13.646 [main] INFO  c.x.commons.security.support.ReleasePathCollector - Release 免认证路径: /blog/article/detail/{articleId} -> ArticleController.getArticle
2026-07-15 15:45:13.758 [main] INFO  o.s.security.web.DefaultSecurityFilterChain - Will secure any request with [org.springframework.security.web.context.request.async.WebAsyncManagerIntegrationFilter@2324e26c, org.springframework.security.web.context.SecurityContextHolderFilter@13e9a2f2, org.springframework.security.web.header.HeaderWriterFilter@1cbb6037, org.springframework.web.filter.CorsFilter@716205f9, org.springframework.security.web.authentication.logout.LogoutFilter@3da068e8, com.xcz.commons.security.interceptor.HeaderAuthenticationFilter@6b16aa6f, org.springframework.security.web.savedrequest.RequestCacheAwareFilter@c1e7bea, org.springframework.security.web.servletapi.SecurityContextHolderAwareRequestFilter@3af30ab8, org.springframework.security.web.authentication.AnonymousAuthenticationFilter@6fc1d215, org.springframework.security.web.access.ExceptionTranslationFilter@3167c0d, org.springframework.security.web.access.intercept.AuthorizationFilter@5c9844a4]
2026-07-15 15:45:14.064 [main] INFO  com.xcz.blog.MobiBlogApplicationTests - Started MobiBlogApplicationTests in 4.925 seconds (process running for 5.488)
2026-07-15 15:45:14.097 [main] INFO  c.a.cloud.nacos.refresh.NacosContextRefresher - [Nacos Config] Listening config: dataId=mobi-blog.yaml, group=MINI_APP
2026-07-15 15:45:14.543 [Thread-3] WARN  c.alibaba.nacos.common.http.HttpClientBeanHolder - [HttpClientBeanHolder] Start destroying common HttpClient
2026-07-15 15:45:14.543 [Thread-8] WARN  com.alibaba.nacos.common.notify.NotifyCenter - [NotifyCenter] Start destroying Publisher
2026-07-15 15:45:14.544 [Thread-8] WARN  com.alibaba.nacos.common.notify.NotifyCenter - [NotifyCenter] Destruction of the end
2026-07-15 15:45:14.544 [Thread-3] WARN  c.alibaba.nacos.common.http.HttpClientBeanHolder - [HttpClientBeanHolder] Destruction of the end
2026-07-15 15:45:14.566 [SpringApplicationShutdownHook] INFO  c.b.dynamic.datasource.DynamicRoutingDataSource - dynamic-datasource start closing ....
2026-07-15 15:45:14.568 [SpringApplicationShutdownHook] INFO  com.alibaba.druid.pool.DruidDataSource - {dataSource-1} closing ...
2026-07-15 15:45:14.571 [SpringApplicationShutdownHook] INFO  com.alibaba.druid.pool.DruidDataSource - {dataSource-1} closed
2026-07-15 15:45:14.571 [SpringApplicationShutdownHook] INFO  c.b.d.d.destroyer.DefaultDataSourceDestroyer - dynamic-datasource close the datasource named [master] success,
2026-07-15 15:45:14.571 [SpringApplicationShutdownHook] INFO  c.b.dynamic.datasource.DynamicRoutingDataSource - dynamic-datasource all closed success,bye
